substudy,param_name,param_value,effect_key,X,Y,X_var,X_lag,Y_var,Y_lag,param_auto_coeff,param_cross_coeff,param_noise_sigma,param_n_vars,param_T,param_pc_alpha,param_tau_max,param_n_boot,param_seed,param_timestamp,true_effect,true_graph_effect,pcmci_effect,bagged_effect,true_graph_linreg_ci_lower,true_graph_linreg_ci_upper,pcmci_linreg_ci_lower,pcmci_linreg_ci_upper,bagged_linreg_ci_lower,bagged_linreg_ci_upper,bootstrap_linreg_ci_mean_width,bootstrap_linreg_ci_std_width,bootstrap_linreg_ci_min_width,bootstrap_linreg_ci_max_width,total_time,data_generation_time,discovery_pcmci_time,discovery_bootstrap_time,effect_true_effect_time,effect_true_graph_effect_time,effect_pcmci_effect_time,effect_bagged_effect_time,effect_bootstrap_effects_time,true_effect_time,true_graph_effect_time,pcmci_effect_time,bagged_effect_time,bootstrap_effects_time,bootstrap_mean,bootstrap_std,bootstrap_ci_lower,bootstrap_ci_upper,bootstrap_success_rate,bootstrap_n_total,bootstrap_n_nan,bootstrap_adj_mean_size,bootstrap_adj_std_size,bootstrap_adj_min_size,bootstrap_adj_max_size,bootstrap_unique_graphs,pcmci_adjustment_set_size,bagged_adjustment_set_size,true_graph_adjustment_set_size,pcmci_error,pcmci_abs_error,pcmci_squared_error,bagged_error,bagged_abs_error,bagged_squared_error,bootstrap_error,bootstrap_abs_error,bootstrap_squared_error,bootstrap_ci_covers_true,true_graph_linreg_ci_covers_true,pcmci_linreg_ci_covers_true,bagged_linreg_ci_covers_true,bootstrap_effects_count,bootstrap_replica_ci_lower_count,bootstrap_replica_ci_upper_count
auto_study,a,0.01,0_-2_to_3_0,"(0, -2)","(3, 0)",0,-2,3,0,0.01,0.5,1.0,4,500,0.05,4,200,,2025-04-03_15-39-17,0.2600000500679016,0.3145946180433946,0.25561351009543815,0.25561351009543815,0.20710740292915109,0.42208183315763814,0.1669803115659578,0.34424670862491846,0.1669803115659578,0.34424670862491846,0.18892358886431246,0.011467397177383654,0.17697710867657038,0.2175614585374801,400.03461623191833,0.0075092315673828125,0.2749311923980713,16.554301500320435,0.17922425270080566,1.5231711864471436,0.6763367652893066,0.7420222759246826,379.2524428367615,0.17922425270080566,1.5231711864471436,0.6763367652893066,0.7420222759246826,379.2524428367615,0.2779275742109011,0.021431700724370898,0.2712489861152937,0.2846061623065085,0.21,200,158,1.315,2.699217479196517,0,11,200,4,4,4,-0.004386539972463466,0.004386539972463466,1.9241732930019784e-05,-0.004386539972463466,0.004386539972463466,1.9241732930019784e-05,0.017927524142999474,0.017927524142999474,0.000321396121897829,False,True,True,True,200,200,200
auto_study,a,0.06157894736842105,0_-2_to_3_0,"(0, -2)","(3, 0)",0,-2,3,0,0.06157894736842105,0.5,1.0,4,500,0.05,4,200,,2025-04-03_15-45-57,0.3115789294242859,0.36419782688827734,0.3659305525484498,0.3562615039001799,0.25661497918976994,0.47178067458678474,0.25796313642569674,0.4738979686712029,0.2578516451310943,0.4546713626692655,0.20209802593993426,0.01308650149541063,0.1771073418413538,0.21938321808754724,428.5646343231201,0.00513005256652832,0.15337920188903809,11.84346079826355,0.1792130470275879,1.5126066207885742,3.122581720352173,2.883820056915283,408.0518274307251,0.1792130470275879,1.5126066207885742,3.122581720352173,2.883820056915283,408.0518274307251,0.3429952152641337,0.031248936473022855,0.33313183386827444,0.3528585966599929,0.205,200,159,1.63,3.390147489416943,0,14,200,5,3,4,0.05435162312416392,0.05435162312416392,0.00295409893623115,0.04468257447589402,0.04468257447589402,0.001996532461793816,0.03141628583984779,0.03141628583984779,0.0009869830159710208,False,True,True,True,200,200,200
auto_study,a,0.1131578947368421,0_-2_to_3_0,"(0, -2)","(3, 0)",0,-2,3,0,0.1131578947368421,0.5,1.0,4,500,0.05,4,200,,2025-04-03_15-53-06,0.36315780878067017,0.4135251451094026,0.4195738147051079,0.4195738147051079,0.305882471349884,0.5211678188689212,0.310881908692239,0.5282657207179768,0.310881908692239,0.5282657207179768,0.21359050858389367,0.008368646665748311,0.19724146841144413,0.21988273388973623,410.1494164466858,0.0029637813568115234,0.18254804611206055,13.504740953445435,0.17622900009155273,1.506537914276123,5.036148309707642,5.061690330505371,383.8115875720978,0.17622900009155273,1.506537914276123,5.036148309707642,5.061690330505371,383.8115875720978,0.41836689476886807,0.015308206872165785,0.4131083417229253,0.4236254478148108,0.175,200,165,1.47,3.2892400338072014,0,12,200,6,6,4,0.05641600592443774,0.05641600592443774,0.0031827657244661942,0.05641600592443774,0.05641600592443774,0.0031827657244661942,0.055209085988197903,0.055209085988197903,0.00304804317565223,False,True,True,True,200,200,200
auto_study,a,0.16473684210526315,0_-2_to_3_0,"(0, -2)","(3, 0)",0,-2,3,0,0.16473684210526315,0.5,1.0,4,500,0.05,4,200,,2025-04-03_15-59-56,0.41473689675331116,0.46257088730862717,0.4712135921675783,0.4712135921675783,0.35491279551418714,0.5702289791030671,0.3618474568003053,0.5805797275348513,0.3618474568003053,0.5805797275348513,0.21897688844573646,0.003302047424892697,0.19902886387156526,0.22145133406690953,497.54509711265564,0.007746458053588867,0.19200825691223145,7.431626796722412,0.17635369300842285,1.5293495655059814,5.042064428329468,5.027705669403076,477.2968771457672,0.17635369300842285,1.5293495655059814,5.042064428329468,5.027705669403076,477.2968771457672,0.4746199343597018,0.004189840935509464,0.4732974573797063,0.4759424113396973,0.205,200,159,1.885,3.779123575645549,0,13,200,6,6,4,0.05647669541426714,0.05647669541426714,0.003189617124915903,0.05647669541426714,0.05647669541426714,0.003189617124915903,0.05988303760639063,0.05988303760639063,0.003585978192968395,False,True,True,True,200,200,200
auto_study,a,0.2163157894736842,0_-2_to_3_0,"(0, -2)","(3, 0)",0,-2,3,0,0.2163157894736842,0.5,1.0,4,500,0.05,4,200,,2025-04-03_16-08-14,0.46631574630737305,0.5113157449892467,0.5227253240693664,0.5227253240693664,0.4037035180690654,0.618927971909428,0.41250686760705263,0.6329437805316803,0.41250686760705263,0.6329437805316803,0.2210684207084448,0.0016074064047485518,0.21662086076076892,0.22372701220673208,608.943603515625,0.007342815399169922,0.19078660011291504,13.897956132888794,0.17923498153686523,1.51149320602417,5.045243740081787,5.044410943984985,582.1352305412292,0.17923498153686523,1.51149320602417,5.045243740081787,5.044410943984985,582.1352305412292,0.52519997292593,0.0048737245305138024,0.5238292158128982,0.5265707300389618,0.255,200,149,2.355,4.118127608513364,0,13,200,6,6,4,0.0564095777619934,0.0564095777619934,0.0031820404632863803,0.0564095777619934,0.0564095777619934,0.0031820404632863803,0.05888422661855697,0.05888422661855697,0.003467352144465573,False,True,True,True,200,200,200
auto_study,a,0.26789473684210524,0_-2_to_3_0,"(0, -2)","(3, 0)",0,-2,3,0,0.26789473684210524,0.5,1.0,4,500,0.05,4,200,,2025-04-03_16-18-23,0.5178947448730469,0.5597238160878197,0.5740304245552714,0.5740304245552714,0.45224716494928563,0.6672004672263538,0.4627933454070675,0.6852675037034753,0.4627933454070675,0.6852675037034753,0.22320552835526894,0.0018503142247432132,0.21781133268740044,0.22472942147414376,299.1661536693573,0.008116960525512695,0.20957207679748535,16.55933713912964,0.18156003952026367,1.5044667720794678,5.074321746826172,5.037754774093628,269.64072275161743,0.18156003952026367,1.5044667720794678,5.074321746826172,5.037754774093628,269.64072275161743,0.5768426647631282,0.003823669904853487,0.5752643313997747,0.5784209981264816,0.125,200,175,1.205,3.206707813318825,0,11,200,6,6,4,0.05613567968222455,0.05613567968222455,0.003151214533385318,0.05613567968222455,0.05613567968222455,0.003151214533385318,0.0589479198900813,0.0589479198900813,0.003474857259367443,False,True,True,True,200,200,200
auto_study,a,0.3194736842105263,0_-2_to_3_0,"(0, -2)","(3, 0)",0,-2,3,0,0.3194736842105263,0.5,1.0,4,500,0.05,4,200,,2025-04-03_16-23-22,0.5694736242294312,0.6077424062086685,0.6250309678306467,,0.5005361617558491,0.7149486506614878,0.512625855415861,0.7374360802454324,,,0.22464490638416124,0.0033988057793135854,0.2166002046584865,0.22837655857862016,299.99143171310425,0.003613710403442383,0.1960914134979248,3.0076448917388916,0.17622900009155273,1.572037696838379,5.02622127532959,0.0003299713134765625,289.12304520606995,0.17622900009155273,1.572037696838379,5.02622127532959,0.0003299713134765625,289.12304520606995,0.6264284448284367,0.004824147693234277,0.6244371345314073,0.6284197551254662,0.125,200,175,1.155,3.1114265217099373,0,13,200,6,0,4,0.05555734360121556,0.05555734360121556,0.0030866184280235274,,,,0.056954820599005584,0.056954820599005584,0.0032438515894649108,False,True,True,,200,200,200
auto_study,a,0.37105263157894736,0_-2_to_3_0,"(0, -2)","(3, 0)",0,-2,3,0,0.37105263157894736,0.5,1.0,4,500,0.05,4,200,,2025-04-03_16-28-22,0.6210527420043945,0.6553101957743848,0.6756048947933759,0.6756822738810568,0.5485786579613767,0.7620417335873928,0.5619066883924937,0.7893031011942582,0.5618694122208638,0.7894951355412498,0.22546909874599547,0.0052046643309499475,0.21477374279057893,0.23084752679623444,384.722642660141,0.002879619598388672,0.20455622673034668,3.0641961097717285,0.18268775939941406,1.501692295074463,5.118775367736816,5.722567081451416,367.92926836013794,0.18268775939941406,1.501692295074463,5.118775367736816,5.722567081451416,367.92926836013794,0.6753344605608121,0.006997436138762151,0.6728116158018923,0.677857305319732,0.16,200,168,1.565,3.6559232760001956,0,13,200,6,7,4,0.0545521527889814,0.0545521527889814,0.0029759373739123712,0.05462953187666231,0.05462953187666231,0.002984385753063263,0.05428171855641761,0.05428171855641761,0.002946504969438132,False,True,True,True,200,200,200
auto_study,a,0.4226315789473684,0_-2_to_3_0,"(0, -2)","(3, 0)",0,-2,3,0,0.4226315789473684,0.5,1.0,4,500,0.05,4,200,,2025-04-03_16-34-47,0.6726313829421997,0.7023881649743579,0.7256049363031847,0.7256049363031847,0.5964395722064484,0.8083367577422673,0.6105243077180308,0.8406855648883386,0.6105243077180308,0.8406855648883386,0.22993054848986003,0.004465254733777513,0.2169436283850894,0.2338711784109495,459.03400015830994,0.004463672637939453,0.21705317497253418,15.681015491485596,0.18037652969360352,1.5087263584136963,5.028584957122803,5.120214223861694,430.30033016204834,0.18037652969360352,1.5087263584136963,5.028584957122803,5.120214223861694,430.30033016204834,0.7287234536554265,0.00498227495031875,0.7270119823293262,0.7304349249815267,0.175,200,165,1.675,3.717441996857516,0,13,200,6,6,4,0.05297355336098497,0.05297355336098497,0.002806197355689122,0.05297355336098497,0.05297355336098497,0.002806197355689122,0.05609207071322675,0.05609207071322675,0.00314632039689763,False,True,True,True,200,200,200
auto_study,a,0.47421052631578947,0_-2_to_3_0,"(0, -2)","(3, 0)",0,-2,3,0,0.47421052631578947,0.5,1.0,4,500,0.05,4,200,,2025-04-03_16-42-26,0.7242104411125183,0.7490448695303371,0.7748722702177598,0.7748722702177598,0.6443369601611711,0.8537527788995031,0.6583731120042688,0.8913714284312508,0.6583731120042688,0.8913714284312508,0.23188480892905505,0.006635253913989965,0.2116300164145133,0.23706633824129608,441.6283423900604,0.006656646728515625,0.2162010669708252,14.025099277496338,0.1762559413909912,1.5091009140014648,5.037763833999634,5.030068397521973,414.6944844722748,0.1762559413909912,1.5091009140014648,5.037763833999634,5.030068397521973,414.6944844722748,0.7781750635293561,0.00642125283565927,0.7760341112416558,0.7803160158170563,0.185,200,163,1.785,3.828677970265977,0,13,200,6,6,4,0.05066182910524153,0.05066182910524153,0.0025666209282886976,0.05066182910524153,0.05066182910524153,0.0025666209282886976,0.05396462241683775,0.05396462241683775,0.0029121804725918674,False,True,True,True,200,200,200
auto_study,a,0.5257894736842105,0_-2_to_3_0,"(0, -2)","(3, 0)",0,-2,3,0,0.5257894736842105,0.5,1.0,4,500,0.05,4,200,,2025-04-03_16-49-47,0.7757894396781921,0.7956346241443043,0.823278795184593,,0.6928268879291766,0.898442360359432,0.7054048354285524,0.9411527549406337,,,0.2339775476529602,0.008340198581068443,0.21334353042795828,0.23942900289084812,345.28927659988403,0.007064104080200195,0.21797585487365723,17.057617664337158,0.1809673309326172,1.5319430828094482,5.045796632766724,0.00042939186096191406,320.29438757896423,0.1809673309326172,1.5319430828094482,5.045796632766724,0.00042939186096191406,320.29438757896423,0.8267071922075255,0.007700431374970675,0.823721276634291,0.8296931077807601,0.14,200,172,1.32,3.332806625053425,0,12,200,6,0,4,0.04748935550640088,0.04748935550640088,0.0022552388864133274,,,,0.05091775252933339,0.05091775252933339,0.002592617522638437,False,True,True,,200,200,200
auto_study,a,0.5773684210526315,0_-2_to_3_0,"(0, -2)","(3, 0)",0,-2,3,0,0.5773684210526315,0.5,1.0,4,500,0.05,4,200,,2025-04-03_16-55-33,0.8273685574531555,0.8430349136902109,0.8707915791476435,0.8707915791476435,0.7430281201979843,0.9430417071824375,0.7517066435449661,0.9898765147503209,0.7517066435449661,0.9898765147503209,0.23619231671936453,0.010077606893754382,0.20723802463152818,0.24384466369024882,368.8650686740875,0.007571697235107422,0.22425532341003418,17.26486849784851,0.1800518035888672,1.504744291305542,5.08245587348938,5.746506690979004,337.88520550727844,0.1800518035888672,1.504744291305542,5.08245587348938,5.746506690979004,337.88520550727844,0.8793337898353518,0.007917564024334064,0.8763773228404903,0.8822902568302133,0.15,200,170,1.465,3.559322266949145,0,14,200,6,6,4,0.04342302169448797,0.04342302169448797,0.0018855588130799732,0.04342302169448797,0.04342302169448797,0.0018855588130799732,0.0519652323821963,0.0519652323821963,0.0027003853765356634,False,True,True,True,200,200,200
auto_study,a,0.6289473684210526,0_-2_to_3_0,"(0, -2)","(3, 0)",0,-2,3,0,0.6289473684210526,0.5,1.0,4,500,0.05,4,200,,2025-04-03_17-01-42,0.8789472579956055,0.8926514559437924,0.9175133898668179,0.9175133898668179,0.7965574407327299,0.9887454711548548,0.7975623116389192,1.0374644680947165,0.7975623116389192,1.0374644680947165,0.23655573824002027,0.011356273033204805,0.21161514841849427,0.24623791483851465,278.4409010410309,0.006883382797241211,0.2343907356262207,15.941553354263306,0.1757030487060547,1.5087740421295166,5.029510974884033,5.827690362930298,248.80532121658325,0.1757030487060547,1.5087740421295166,5.029510974884033,5.827690362930298,248.80532121658325,0.9243477000627258,0.00845256193270495,0.9206000440512397,0.9280953560742119,0.11,200,178,1.02,2.947812748462833,0,12,200,6,6,4,0.038566131871212384,0.038566131871212384,0.0014873465275077435,0.038566131871212384,0.038566131871212384,0.0014873465275077435,0.04540044206712035,0.04540044206712035,0.002061200139889951,False,True,True,True,200,200,200
auto_study,a,0.6805263157894736,0_-2_to_3_0,"(0, -2)","(3, 0)",0,-2,3,0,0.6805263157894736,0.5,1.0,4,500,0.05,4,200,,2025-04-03_17-06-20,0.9305263757705688,0.9455641027253301,0.959715955776586,0.9636683655207318,0.8544783142698276,1.0366498911808326,0.8396969605526502,1.0797349510005219,0.8434654856076685,1.0838712454337949,0.2391663273275373,0.014666491359320816,0.20191947666917587,0.25139789839100457,364.7715525627136,0.002827882766723633,0.2386631965637207,3.507883310317993,0.17740535736083984,1.5096144676208496,4.431874513626099,5.7459282875061035,348.3124921321869,0.17740535736083984,1.5096144676208496,4.431874513626099,5.7459282875061035,348.3124921321869,0.9747194885319425,0.01564434087616432,0.9687686995167283,0.9806702775471566,0.145,200,171,1.285,3.1628744837568243,0,11,200,5,6,4,0.029189580006017124,0.029189580006017124,0.0008520315809276746,0.033141989750162915,0.033141989750162915,0.0010983914845999036,0.04419311276137361,0.04419311276137361,0.001953031215539483,False,True,True,True,200,200,200
auto_study,a,0.7321052631578947,0_-2_to_3_0,"(0, -2)","(3, 0)",0,-2,3,0,0.7321052631578947,0.5,1.0,4,500,0.05,4,200,,2025-04-03_17-12-25,0.9821053743362427,1.000897839774442,,1.0097497581020465,0.9153608487940893,1.0864348307547944,,,0.8902719396687122,1.1292275765353808,0.23928160240703697,0.018786657362948583,0.18645605384586927,0.25544243776087106,314.11331844329834,0.003239154815673828,0.2543063163757324,13.568002700805664,0.18073725700378418,1.5048532485961914,0.0003733634948730469,5.104928493499756,292.64479780197144,0.18073725700378418,1.5048532485961914,0.0003733634948730469,5.104928493499756,292.64479780197144,1.0274599618840325,0.01882062327570894,1.0198581476293824,1.0350617761386827,0.13,200,174,1.145,3.022246680865081,0,12,200,0,6,4,,,,0.027644383765803804,0.027644383765803804,0.0007642119537910369,0.04535458754778987,0.04535458754778987,0.002057038611630136,False,True,,True,200,200,200
auto_study,a,0.7836842105263158,0_-2_to_3_0,"(0, -2)","(3, 0)",0,-2,3,0,0.7836842105263158,0.5,1.0,4,500,0.05,4,200,,2025-04-03_17-17-39,1.0336856842041016,1.056655030150932,,,0.9764901033720018,1.1368199569298625,,,,,0.23584022833243676,0.02074787395021028,0.19085969514016066,0.2584061020676819,296.8402462005615,0.0028722286224365234,0.26326751708984375,15.408487796783447,0.18053865432739258,1.5150954723358154,0.0001239776611328125,0.00032830238342285156,278.62778997421265,0.18053865432739258,1.5150954723358154,0.0001239776611328125,0.00032830238342285156,278.62778997421265,1.0755908244556367,0.019419486662824215,1.0673906944094016,1.0837909545018718,0.12,200,176,1.145,3.167645024304333,0,13,200,0,0,4,,,,,,,0.04190514025153513,0.04190514025153513,0.00175604077950083,False,True,,,200,200,200
auto_study,a,0.8352631578947368,0_-2_to_3_0,"(0, -2)","(3, 0)",0,-2,3,0,0.8352631578947368,0.5,1.0,4,500,0.05,4,200,,2025-04-03_17-22-36,1.0852584838867188,1.1123729626235965,,1.1086296163955964,1.0391450277230905,1.1856008975241026,,,0.9941582734549255,1.2231009593362674,0.2301742602903315,0.015471554016568844,0.17687549053230933,0.24543086608636377,367.28007769584656,0.006990194320678711,0.27610039710998535,3.9693856239318848,0.17795538902282715,1.515263319015503,0.0002014636993408203,5.798419713973999,354.62515807151794,0.17795538902282715,1.515263319015503,0.0002014636993408203,5.798419713973999,354.62515807151794,1.114214218189119,0.009135736596209086,1.1108632029516534,1.1175652334265846,0.155,200,169,1.44,3.4549095501908584,0,15,200,0,6,4,,,,0.02337113250887768,0.02337113250887768,0.000546209834747519,0.028955734302400282,0.028955734302400282,0.0008384345489912004,False,True,,True,200,200,200
auto_study,a,0.8868421052631579,0_-2_to_3_0,"(0, -2)","(3, 0)",0,-2,3,0,0.8868421052631579,0.5,1.0,4,500,0.05,4,200,,2025-04-03_17-28-43,1.1368408203125,1.158622960699687,1.1425322443266506,1.1639610500158017,1.0984092312464626,1.2188366901529113,1.049333289836676,1.235731198816625,1.049690200376733,1.2782318996548705,0.22991088705724155,0.016087692023243,0.18329841459391538,0.24606855462082367,594.7260265350342,0.0028629302978515625,0.2721822261810303,17.353492498397827,0.17938780784606934,1.509329080581665,6.448607444763184,7.082441091537476,560.999856710434,0.17938780784606934,1.509329080581665,6.448607444763184,7.082441091537476,560.999856710434,1.1710464062879562,0.012463975603608185,1.1672570113518366,1.1748358012240758,0.22,200,156,2.38,4.552537753824783,0,15,200,8,9,4,0.00569142401415057,0.00569142401415057,3.2392307308849785e-05,0.027120229703301746,0.027120229703301746,0.0007355068591598503,0.0342055859754562,0.0342055859754562,0.0011700221119243259,False,True,True,True,200,200,200
auto_study,a,0.9384210526315789,0_-2_to_3_0,"(0, -2)","(3, 0)",0,-2,3,0,0.9384210526315789,0.5,1.0,4,500,0.05,4,200,,2025-04-03_17-38-38,1.1883544921875,1.2130995623128817,,1.2260012493513246,1.1774013783383592,1.2487977462874043,,,1.1140189878522333,1.337983510850416,0.25082085845477126,0.031204997673434723,0.16441553061603154,0.2811803386067546,426.5783519744873,0.007491350173950195,0.31873393058776855,16.198144674301147,0.1797792911529541,1.5776185989379883,0.0001704692840576172,5.362212896347046,402.06068563461304,0.1797792911529541,1.5776185989379883,0.0001704692840576172,5.362212896347046,402.06068563461304,1.2545830514695353,0.025537901614931816,1.245810475331414,1.2633556276076565,0.175,200,165,1.61,3.5899721447387303,0,14,200,0,6,4,,,,0.037646757163824596,0.037646757163824596,0.0014172783249519784,0.0662285592820353,0.0662285592820353,0.004386222064574064,False,True,,True,200,200,200
auto_study,a,0.99,0_-2_to_3_0,"(0, -2)","(3, 0)",0,-2,3,0,0.99,0.5,1.0,4,500,0.05,4,200,,2025-04-03_17-45-45,1.1875,1.2413008590730215,1.3122822434306727,1.3100222908542491,1.236993513323047,1.245608204822996,1.1706598776119914,1.453904609249354,1.1690796272983415,1.4509649544101568,0.27468697441158396,0.035848467256536405,0.08764031431294317,0.2852800672985243,667.1368482112885,0.007599353790283203,0.3480799198150635,13.993088722229004,0.17644262313842773,1.5121715068817139,8.322475910186768,5.548567295074463,636.2338263988495,0.17644262313842773,1.5121715068817139,8.322475910186768,5.548567295074463,636.2338263988495,1.310880947213709,0.010283502219178679,1.307958408219535,1.3138034862078831,0.25,200,150,2.615,4.590944891849607,0,14,200,11,7,4,0.12478224343067268,0.12478224343067268,0.015570608275591655,0.12252229085424915,0.12252229085424915,0.015011711756173225,0.12338094721370907,0.12338094721370907,0.015222858135352063,False,False,True,True,200,200,200
cross_study,c,0.01,0_-2_to_3_0,"(0, -2)","(3, 0)",0,-2,3,0,0.5,0.01,1.0,4,500,0.05,4,200,,2025-04-03_17-56-52,0.010099947452545166,0.0478223657604487,,,-0.03877345602599607,0.13441818754689347,,,,,0.1593879711196576,0.009312846896380296,0.15267878602823798,0.1741095477790034,251.08650708198547,0.00801849365234375,0.21100759506225586,15.070312023162842,0.17664575576782227,1.5116760730743408,1.7739710807800293,1.7798347473144531,229.7544722557068,0.17664575576782227,1.5116760730743408,1.7739710807800293,1.7798347473144531,229.7544722557068,0.03730409727785633,0.009302118216526163,0.028701072794950308,0.04590712176076235,0.035,200,193,0.11,0.598247440445841,0,4,200,0,0,4,,,,,,,0.027204149825311164,0.027204149825311164,0.0007400657677179774,False,True,,,200,200,200
cross_study,c,0.06157894736842105,0_-2_to_3_0,"(0, -2)","(3, 0)",0,-2,3,0,0.5,0.06157894736842105,1.0,4,500,0.05,4,200,,2025-04-03_18-01-03,0.0653708428144455,0.09939472024724746,,,0.012628697652278434,0.1861607428422165,,,,,0.18348507280775325,0.016250492260035443,0.15360559257252882,0.2020883945592327,304.5056574344635,0.0029158592224121094,0.15229558944702148,2.4437711238861084,0.18426847457885742,1.5313160419464111,2.4636895656585693,1.7901175022125244,295.13942289352417,0.18426847457885742,1.5313160419464111,2.4636895656585693,1.7901175022125244,295.13942289352417,0.09547886027902394,0.014796600611194081,0.08787115024335679,0.1030865703146911,0.085,200,183,0.405,1.4969886439115028,0,9,200,0,0,4,,,,,,,0.030108017464578446,0.030108017464578446,0.0009064927156473607,False,True,,,200,200,200
cross_study,c,0.1131578947368421,0_-2_to_3_0,"(0, -2)","(3, 0)",0,-2,3,0,0.5,0.1131578947368421,1.0,4,500,0.05,4,200,,2025-04-03_18-06-08,0.1259625405073166,0.1568532939696756,,0.16445778767669303,0.06942133155012455,0.24428525638922666,,,0.07695954470464035,0.2519560306487457,0.18993538207035615,0.015930734796672376,0.155972764022893,0.20582096102503428,346.92159843444824,0.0028829574584960938,0.16465020179748535,12.917598962783813,0.18063044548034668,1.508329153060913,0.0003352165222167969,2.7927560806274414,328.55567026138306,0.18063044548034668,1.508329153060913,0.0003352165222167969,2.7927560806274414,328.55567026138306,0.1541520814663996,0.023734498471480493,0.14512396108065065,0.16318020185214857,0.145,200,171,1.02,2.6551082840441746,0,11,200,0,1,4,,,,0.03849524716937644,0.03849524716937644,0.0014818840546313849,0.02818954095908302,0.02818954095908302,0.0007946502194838193,False,True,,True,200,200,200
cross_study,c,0.16473684210526315,0_-2_to_3_0,"(0, -2)","(3, 0)",0,-2,3,0,0.5,0.16473684210526315,1.0,4,500,0.05,4,200,,2025-04-03_18-11-55,0.19187502562999725,0.2203344424146263,0.22816512803801067,0.22816512803801067,0.13173983731738734,0.30892904751186523,0.1260775570363737,0.33025269903964766,0.1260775570363737,0.33025269903964766,0.20178552665257415,0.008760076025795932,0.17557808219769594,0.20829795065579987,450.37409806251526,0.0070323944091796875,0.1829993724822998,12.011834383010864,0.17659282684326172,1.5223102569580078,5.098396301269531,5.016347646713257,425.52529406547546,0.17659282684326172,1.5223102569580078,5.098396301269531,5.016347646713257,425.52529406547546,0.23179672902885068,0.004156820577096119,0.2303902632938712,0.23320319476383017,0.18,200,164,1.645,3.5733702578938,0,12,200,6,6,4,0.03629010240801342,0.03629010240801342,0.0013169715327841015,0.03629010240801342,0.03629010240801342,0.0013169715327841015,0.039921703398853425,0.039921703398853425,0.0015937424022660252,False,True,True,True,200,200,200
cross_study,c,0.2163157894736842,0_-2_to_3_0,"(0, -2)","(3, 0)",0,-2,3,0,0.5,0.2163157894736842,1.0,4,500,0.05,4,200,,2025-04-03_18-19-25,0.2631082534790039,0.2898250838053684,0.30139968407134277,0.30139968407134277,0.19961406314533203,0.3800361044654048,0.19786197632129704,0.4049373918213885,0.19786197632129704,0.4049373918213885,0.20710728620102442,0.005609222868818998,0.18507149855247385,0.210876411818979,377.25707960128784,0.002854585647583008,0.19774389266967773,12.338001251220703,0.17885494232177734,1.5306408405303955,5.109591722488403,5.116441249847412,352.0071828365326,0.17885494232177734,1.5306408405303955,5.109591722488403,5.116441249847412,352.0071828365326,0.3048280896632267,0.00411666432731615,0.30334387389955997,0.30631230542689347,0.16,200,168,1.485,3.4727186756200106,0,13,200,6,6,4,0.03829143059233886,0.03829143059233886,0.0014662336568079042,0.03829143059233886,0.03829143059233886,0.0014662336568079042,0.041719836184222814,0.041719836184222814,0.0017405447312383872,False,True,True,True,200,200,200
cross_study,c,0.26789473684210524,0_-2_to_3_0,"(0, -2)","(3, 0)",0,-2,3,0,0.5,0.26789473684210524,1.0,4,500,0.05,4,200,,2025-04-03_18-25-42,0.33966222405433655,0.3651733225372307,0.37998692353331587,0.37998692353331587,0.2729703029530936,0.45737634212136785,0.2746493262022528,0.48532452086437894,0.2746493262022528,0.48532452086437894,0.2099838297593982,0.006696559415365729,0.1877208413229543,0.21425107505131546,383.6523759365082,0.00755763053894043,0.20213103294372559,11.915241956710815,0.17914843559265137,1.5135467052459717,5.043869972229004,5.041486740112305,358.97164726257324,0.17914843559265137,1.5135467052459717,5.043869972229004,5.041486740112305,358.97164726257324,0.3824414575231239,0.004866970069050727,0.38065623848906754,0.3842266765571803,0.155,200,169,1.48,3.5241452864489,0,13,200,6,6,4,0.04032469947897932,0.04032469947897932,0.0016260813880699951,0.04032469947897932,0.04032469947897932,0.0016260813880699951,0.04277923346878737,0.04277923346878737,0.0018300628161770174,False,True,True,True,200,200,200
cross_study,c,0.3194736842105263,0_-2_to_3_0,"(0, -2)","(3, 0)",0,-2,3,0,0.5,0.3194736842105263,1.0,4,500,0.05,4,200,,2025-04-03_18-32-06,0.4215370714664459,0.4461681517159716,0.463895240240175,0.463895240240175,0.3516862642697112,0.540650039162232,0.3564278286755501,0.5713626518047998,0.3564278286755501,0.5713626518047998,0.21323739742051667,0.007219700914743828,0.1935853186248805,0.21807930761762195,322.0037567615509,0.00625920295715332,0.2054288387298584,14.411299228668213,0.18494868278503418,1.512080430984497,5.031407117843628,5.09885573387146,294.77916741371155,0.18494868278503418,1.512080430984497,5.031407117843628,5.09885573387146,294.77916741371155,0.4660817988937677,0.00539603505559819,0.46422819599862897,0.46793540178890647,0.175,200,165,1.59,3.5329732520923502,0,13,200,6,6,4,0.042358168773729055,0.042358168773729055,0.0017942144618637152,0.042358168773729055,0.042358168773729055,0.0017942144618637152,0.044544727427321795,0.044544727427321795,0.0019842327415743946,False,True,True,True,200,200,200
cross_study,c,0.37105263157894736,0_-2_to_3_0,"(0, -2)","(3, 0)",0,-2,3,0,0.5,0.37105263157894736,1.0,4,500,0.05,4,200,,2025-04-03_18-37-28,0.5087326765060425,0.5326307926149871,0.553099096237099,0.553099096237099,0.4356584402089508,0.6296031450210235,0.4431936444230356,0.6630045480511624,0.4431936444230356,0.6630045480511624,0.2176588829481296,0.008323407742409873,0.19457562230171405,0.2237740261409904,150.64969968795776,0.0028929710388183594,0.10993456840515137,10.597346067428589,0.10617876052856445,0.5099315643310547,1.7086148262023926,1.7122220993041992,135.15699315071106,0.10617876052856445,0.5099315643310547,1.7086148262023926,1.7122220993041992,135.15699315071106,0.5549419438454695,0.0075395203062238675,0.5523112808465168,0.5575726068444221,0.17,200,166,1.55,3.5039263690893963,0,13,200,6,6,4,0.04436641973105648,0.04436641973105648,0.0019683791997522782,0.04436641973105648,0.04436641973105648,0.0019683791997522782,0.046209267339426985,0.046209267339426985,0.0021352963880466335,False,True,True,True,200,200,200
cross_study,c,0.4226315789473684,0_-2_to_3_0,"(0, -2)","(3, 0)",0,-2,3,0,0.5,0.4226315789473684,1.0,4,500,0.05,4,200,,2025-04-03_18-39-59,0.6012493371963501,0.6244672336398587,0.6475816203586571,0.6475816203586571,0.5248430629727168,0.7240914043070006,0.5349527412623936,0.7602104994549206,0.5349527412623936,0.7602104994549206,0.22151237569460447,0.009082255300305883,0.20102367157598078,0.22875980177420607,159.2596299648285,0.007426261901855469,0.13574790954589844,1.5708556175231934,0.10723686218261719,0.4935901165008545,1.6684281826019287,1.6581909656524658,152.8537244796753,0.10723686218261719,0.4935901165008545,1.6684281826019287,1.6581909656524658,152.8537244796753,0.6478868208481909,0.008506078989835514,0.6451664448112335,0.6506071968851483,0.2,200,160,1.795,3.669192690497461,0,14,200,6,6,4,0.046332283162306975,0.046332283162306975,0.0021466804630321944,0.046332283162306975,0.046332283162306975,0.0021466804630321944,0.04663748365184084,0.04663748365184084,0.0021750548813757216,False,True,True,True,200,200,200
cross_study,c,0.47421052631578947,0_-2_to_3_0,"(0, -2)","(3, 0)",0,-2,3,0,0.5,0.47421052631578947,1.0,4,500,0.05,4,200,,2025-04-03_18-42-38,0.6990863680839539,0.7216732569926738,0.7473349815137085,0.7473349815137085,0.6192611382293004,0.8240853757560472,0.631720508455731,0.8629494545716859,0.631720508455731,0.8629494545716859,0.22992218955121585,0.0074828606032522615,0.2106460252180058,0.23576902036225378,139.27296471595764,0.007937431335449219,0.14827489852905273,1.574798345565796,0.11331677436828613,0.5037319660186768,1.7914581298828125,1.6729750633239746,132.71243381500244,0.11331677436828613,0.5037319660186768,1.7914581298828125,1.6729750633239746,132.71243381500244,0.7509404244910304,0.007360425738838533,0.7483305310087933,0.7535503179732674,0.165,200,167,1.585,3.6335623016538467,0,14,200,6,6,4,0.04824861342975462,0.04824861342975462,0.0023279286978938976,0.04824861342975462,0.04824861342975462,0.0023279286978938976,0.05185405640707652,0.05185405640707652,0.0026888431658682738,False,True,True,True,200,200,200
cross_study,c,0.5257894736842105,0_-2_to_3_0,"(0, -2)","(3, 0)",0,-2,3,0,0.5,0.5257894736842105,1.0,4,500,0.05,4,200,,2025-04-03_18-44-58,0.8022440671920776,0.824312755709534,0.8523599466128269,0.8523599466128269,0.7189820780478202,0.9296434333712478,0.7335206431576001,0.9711992500680536,0.7335206431576001,0.9711992500680536,0.23804097472806918,0.00510673589815102,0.21861877948368424,0.24244908357038475,148.08095121383667,0.006877422332763672,0.13219499588012695,1.5774681568145752,0.12238693237304688,0.4805443286895752,1.6924545764923096,1.6647696495056152,141.62417030334473,0.12238693237304688,0.4805443286895752,1.6924545764923096,1.6647696495056152,141.62417030334473,0.8576554177477608,0.00542512156981142,0.8558465921597948,0.8594642433357268,0.185,200,163,1.76,3.767280186022802,0,13,200,6,6,4,0.05011587942074924,0.05011587942074924,0.0025116013701150775,0.05011587942074924,0.05011587942074924,0.0025116013701150775,0.055411350555683136,0.055411350555683136,0.0030704177704048057,False,True,True,True,200,200,200
cross_study,c,0.5773684210526315,0_-2_to_3_0,"(0, -2)","(3, 0)",0,-2,3,0,0.5,0.5773684210526315,1.0,4,500,0.05,4,200,,2025-04-03_18-47-26,0.9107226133346558,0.9324874565195747,0.962663762329286,0.962663762329286,0.8240993322110348,1.0408755808281145,0.8403824455732904,1.0849450790852815,0.8403824455732904,1.0849450790852815,0.24328063977715245,0.007353184336358688,0.2217593401483563,0.24841731780836163,149.93272042274475,0.006760120391845703,0.1352238655090332,1.6284666061401367,0.11559915542602539,0.4890780448913574,1.6764979362487793,1.6324362754821777,143.47671008110046,0.11559915542602539,0.4890780448913574,1.6764979362487793,1.6324362754821777,143.47671008110046,0.9656670488957164,0.00952097272777501,0.9625375830336844,0.9687965147577484,0.19,200,162,1.745,3.6523930511378424,0,12,200,6,6,4,0.051941148994630204,0.051941148994630204,0.002697882958882374,0.051941148994630204,0.051941148994630204,0.002697882958882374,0.054944435561060656,0.054944435561060656,0.0030188909991235467,False,True,True,True,200,200,200
cross_study,c,0.6289473684210526,0_-2_to_3_0,"(0, -2)","(3, 0)",0,-2,3,0,0.5,0.6289473684210526,1.0,4,500,0.05,4,200,,2025-04-03_18-49-56,1.0245221853256226,1.0463098202278174,1.078258512020974,1.078258512020974,0.9347083132389479,1.157911327216687,0.9523387649053369,1.204178259136611,0.9523387649053369,1.204178259136611,0.25114894943709243,0.00727110879185721,0.22615136228223998,0.25728602537394174,129.65137124061584,0.0070874691009521484,0.1455991268157959,1.6388721466064453,0.12235856056213379,0.4893217086791992,1.6848676204681396,1.658409833908081,123.14338159561157,0.12235856056213379,0.4893217086791992,1.6848676204681396,1.658409833908081,123.14338159561157,1.0851847937329357,0.008577233490432514,1.082092371290164,1.0882772161757075,0.16,200,168,1.5,3.52845575287547,0,13,200,6,6,4,0.053736326695351444,0.053736326695351444,0.0028875928067095403,0.053736326695351444,0.053736326695351444,0.0028875928067095403,0.06066260840731319,0.06066260840731319,0.003679952058779025,False,True,True,True,200,200,200
cross_study,c,0.6805263157894736,0_-2_to_3_0,"(0, -2)","(3, 0)",0,-2,3,0,0.5,0.6805263157894736,1.0,4,500,0.05,4,200,,2025-04-03_18-52-05,1.1436424255371094,1.1658804720491784,1.1991592481403828,1.1991592481403828,1.0508881644598544,1.2808727796385024,1.0694238572262666,1.328894639054499,1.0694238572262666,1.328894639054499,0.2588156917702308,0.005569241853721452,0.24428863388148025,0.26526245653051994,110.99523544311523,0.0041773319244384766,0.14701342582702637,1.7165553569793701,0.10125303268432617,0.48981308937072754,1.695333480834961,1.6640970706939697,104.43794584274292,0.10125303268432617,0.48981308937072754,1.695333480834961,1.6640970706939697,104.43794584274292,1.2069346537567525,0.007440269290806184,1.2039913812515328,1.209877926261972,0.135,200,173,1.245,3.205460185371205,0,12,200,6,6,4,0.0555168226032734,0.0555168226032734,0.003082117591963328,0.0555168226032734,0.0555168226032734,0.003082117591963328,0.06329222821964309,0.06329222821964309,0.004005906153007385,False,True,True,True,200,200,200
cross_study,c,0.7321052631578947,0_-2_to_3_0,"(0, -2)","(3, 0)",0,-2,3,0,0.5,0.7321052631578947,1.0,4,500,0.05,4,200,,2025-04-03_18-53-56,1.2680833339691162,1.2912711741400051,1.3253823978778936,1.3253823978778936,1.1726888846963495,1.4098534635836608,1.1916716647215222,1.459093131034265,1.1916716647215222,1.459093131034265,0.2677172951285064,0.008497322517534501,0.23716457888731135,0.2739459724555653,107.90912008285522,0.007096290588378906,0.14492344856262207,1.7140522003173828,0.12247467041015625,0.4893970489501953,1.6813173294067383,1.9732956886291504,101.0155382156372,0.12247467041015625,0.4893970489501953,1.6813173294067383,1.9732956886291504,101.0155382156372,1.334774603031883,0.012934556089106894,1.329435480690362,1.340113725373404,0.125,200,175,1.18,3.1996249780247683,0,12,200,6,6,4,0.05729906390877737,0.05729906390877737,0.003283182724822153,0.05729906390877737,0.05729906390877737,0.003283182724822153,0.06669126906276679,0.06669126906276679,0.004447725369202355,False,True,True,True,200,200,200
cross_study,c,0.7836842105263158,0_-2_to_3_0,"(0, -2)","(3, 0)",0,-2,3,0,0.5,0.7836842105263158,1.0,4,500,0.05,4,200,,2025-04-03_18-55-44,1.3978455066680908,1.422514283989787,1.4569450037210732,1.4569450037210732,1.300124733029396,1.5449038349501782,1.3191149827244453,1.594775024717701,1.3191149827244453,1.594775024717701,0.2754679385858696,0.007324328098974171,0.24761021627254465,0.2825710688087444,111.30038857460022,0.0076978206634521484,0.13802886009216309,1.7268884181976318,0.1048421859741211,0.4865264892578125,1.6666498184204102,1.6418757438659668,104.78831458091736,0.1048421859741211,0.4865264892578125,1.6666498184204102,1.6418757438659668,104.78831458091736,1.469448240619895,0.011573942296183479,1.4650457484200614,1.4738507328197286,0.145,200,171,1.33,3.2849809740697133,0,13,200,6,6,4,0.05909949705298234,0.05909949705298234,0.0034927505519154684,0.05909949705298234,0.05909949705298234,0.0034927505519154684,0.07160273395180417,0.07160273395180417,0.005126951509372849,False,True,True,True,200,200,200
cross_study,c,0.8352631578947368,0_-2_to_3_0,"(0, -2)","(3, 0)",0,-2,3,0,0.5,0.8352631578947368,1.0,4,500,0.05,4,200,,2025-04-03_18-57-36,1.5329278707504272,1.5595991640705082,1.5938641313957356,1.5938641313957356,1.4331740384183804,1.686024289722636,1.4517849233735058,1.7359433394179653,1.4517849233735058,1.7359433394179653,0.28521925026470557,0.005410330280105561,0.2703070842381434,0.2928377654956966,89.70085835456848,0.0028519630432128906,0.14254999160766602,1.7546262741088867,0.12376284599304199,0.4904136657714844,1.6556148529052734,1.9191725254058838,82.87079858779907,0.12376284599304199,0.4904136657714844,1.6556148529052734,1.9191725254058838,82.87079858779907,1.6087404369796359,0.008578717199016388,1.6049368468565826,1.6125440271026892,0.11,200,178,1.045,3.0237352728041524,0,13,200,6,6,4,0.06093626064530833,0.06093626064530833,0.0037132278614329522,0.06093626064530833,0.06093626064530833,0.0037132278614329522,0.07581256622920862,0.07581256622920862,0.005747545198258144,False,True,True,True,200,200,200
cross_study,c,0.8868421052631579,0_-2_to_3_0,"(0, -2)","(3, 0)",0,-2,3,0,0.5,0.8868421052631579,1.0,4,500,0.05,4,200,,2025-04-03_18-59-05,1.6733306646347046,1.7024756112247839,1.7361566778558635,1.7361566778558635,1.5717846941282736,1.8331665283212941,1.5897107041570933,1.8826026515546337,1.5897107041570933,1.8826026515546337,0.2921173891914645,0.009496679221064612,0.26451141854411997,0.3015717872109045,154.403226852417,0.0070536136627197266,0.15316247940063477,1.791212797164917,0.10297226905822754,0.49904680252075195,1.677340030670166,1.8965504169464111,147.5227735042572,0.10297226905822754,0.49904680252075195,1.677340030670166,1.8965504169464111,147.5227735042572,1.7488999538314978,0.01397099439733831,1.7443710813595976,1.753428826303398,0.195,200,161,1.82,3.7732744400586604,0,13,200,6,6,4,0.06282601322115888,0.06282601322115888,0.003947107937265231,0.06282601322115888,0.06282601322115888,0.003947107937265231,0.07556928919679318,0.07556928919679318,0.005710717469708562,False,True,True,True,200,200,200
cross_study,c,0.9384210526315789,0_-2_to_3_0,"(0, -2)","(3, 0)",0,-2,3,0,0.5,0.9384210526315789,1.0,4,500,0.05,4,200,,2025-04-03_19-01-40,1.8190555572509766,1.8510625792774857,1.854171676197335,1.8838385704845884,1.7158834190566672,1.9862417394983043,1.7188938771215234,1.9894494752731466,1.7329189575347894,2.0347581834343873,0.3033365573206247,0.004869417199054879,0.28931467335027694,0.31111362680558496,125.32417130470276,0.007417201995849609,0.15298199653625488,1.7951359748840332,0.1200110912322998,0.49002742767333984,1.5441813468933105,1.9099414348602295,118.5271406173706,0.1200110912322998,0.49002742767333984,1.5441813468933105,1.9099414348602295,118.5271406173706,1.899805592050941,0.011625540859494908,1.8955413092365578,1.904069874865324,0.155,200,169,1.415,3.356005810483647,0,13,200,5,6,4,0.035116118946358466,0.035116118946358466,0.001233141809854796,0.0647830132336118,0.0647830132336118,0.004196838803626321,0.08075003479996434,0.08075003479996434,0.006520568120195453,False,True,True,True,200,200,200
cross_study,c,0.99,0_-2_to_3_0,"(0, -2)","(3, 0)",0,-2,3,0,0.5,0.99,1.0,4,500,0.05,4,200,,2025-04-03_19-03-45,1.970099687576294,2.005261631669349,2.0094716756969366,2.036925352165733,1.8653880616909646,2.145135201647733,1.8694431820388324,2.149500169355041,1.8814343590581006,2.1924163452733656,0.31040162868589427,0.01066380654630966,0.28005698731620843,0.3220385376545227,115.55307126045227,0.007218122482299805,0.15264654159545898,1.854222297668457,0.10725998878479004,0.49516797065734863,1.532874584197998,1.921273946762085,108.75922846794128,0.10725998878479004,0.49516797065734863,1.532874584197998,1.921273946762085,108.75922846794128,2.049629965779689,0.017724951203985366,2.043011360226383,2.056248571332995,0.15,200,170,1.365,3.3214115974988703,0,12,200,5,6,4,0.03937198812064269,0.03937198812064269,0.0015501534485720288,0.06682566458943917,0.06682566458943917,0.004465669447820225,0.07953027820339509,0.07953027820339509,0.00632506515110942,False,True,True,True,200,200,200
noise_study,sigmaN,0.1,0_-2_to_3_0,"(0, -2)","(3, 0)",0,-2,3,0,0.5,0.5,0.1,4,500,0.05,4,200,,2025-04-03_19-05-41,0.75,0.7723079866727653,0.7991881723736306,0.7991881723736306,0.6684531724705716,0.8761628008749591,0.681989784293379,0.9163865604538822,0.681989784293379,0.9163865604538822,0.233690307134515,0.006338952750302929,0.2152254294432916,0.23853371985548932,135.1046941280365,0.007590293884277344,0.13371753692626953,1.5724296569824219,0.12276363372802734,0.4930853843688965,1.7380752563476562,1.658043622970581,128.635333776474,0.12276363372802734,0.4930853843688965,1.7380752563476562,1.658043622970581,128.635333776474,0.803076049069969,0.004710278681002745,0.8013483049010643,0.8048037932388736,0.155,200,169,1.545,3.6603244391720247,0,13,200,6,6,4,0.0491881723736306,0.0491881723736306,0.002419476301457997,0.0491881723736306,0.0491881723736306,0.002419476301457997,0.05307604906996899,0.05307604906996899,0.002817066984877756,False,True,True,True,200,200,200
noise_study,sigmaN,0.2,0_-2_to_3_0,"(0, -2)","(3, 0)",0,-2,3,0,0.5,0.5,0.2,4,500,0.05,4,200,,2025-04-03_19-07-56,0.75,0.7723079866727657,0.799188172373631,0.799188172373631,0.6684531724705718,0.8761628008749596,0.6819897842933793,0.9163865604538828,0.6819897842933793,0.9163865604538828,0.2336528368740074,0.0065194071437994884,0.21388353094892332,0.2386001274807854,128.51682376861572,0.0028791427612304688,0.1441330909729004,1.600780963897705,0.11467194557189941,0.4995272159576416,1.648346185684204,1.6471359729766846,122.12253928184509,0.11467194557189941,0.4995272159576416,1.648346185684204,1.6471359729766846,122.12253928184509,0.8025755348402569,0.007596201959709109,0.7997892254665373,0.8053618442139765,0.155,200,169,1.46,3.482585246623548,0,15,200,6,6,4,0.049188172373631045,0.049188172373631045,0.0024194763014580402,0.049188172373631045,0.049188172373631045,0.0024194763014580402,0.0525755348402569,0.0525755348402569,0.002764186863739067,False,True,True,True,200,200,200
noise_study,sigmaN,0.3,0_-2_to_3_0,"(0, -2)","(3, 0)",0,-2,3,0,0.5,0.5,0.3,4,500,0.05,4,200,,2025-04-03_19-10-05,0.7499998807907104,0.7723079884329904,0.7991881749700316,0.7991881749700316,0.6684531746536289,0.876162802212352,0.6819897872506703,0.9163865626893929,0.6819897872506703,0.9163865626893929,0.23431492069718837,0.006853273822734231,0.20953529821033823,0.2385124194712147,102.76827192306519,0.0028510093688964844,0.13387417793273926,1.5994374752044678,0.10801815986633301,0.5099971294403076,1.6491575241088867,1.652442455291748,96.39321231842041,0.10801815986633301,0.5099971294403076,1.6491575241088867,1.652442455291748,96.39321231842041,0.8022421169130354,0.007856546968418223,0.7989245880836706,0.8055596457424001,0.12,200,176,1.14,3.159177108045701,0,12,200,6,6,4,0.049188294179321135,0.049188294179321135,0.0024194882842714376,0.049188294179321135,0.049188294179321135,0.0024194882842714376,0.052242236122324925,0.052242236122324925,0.002729251235060751,False,True,True,True,200,200,200
noise_study,sigmaN,0.4,0_-2_to_3_0,"(0, -2)","(3, 0)",0,-2,3,0,0.5,0.5,0.4,4,500,0.05,4,200,,2025-04-03_19-11-47,0.7500000596046448,0.7723079866727656,0.7991881723736302,0.7991881723736302,0.6684531724705717,0.8761628008749595,0.6819897842933785,0.9163865604538818,0.6819897842933785,0.9163865604538818,0.23288317288076008,0.006940177689471714,0.21746838482169806,0.23852163136305116,74.17494249343872,0.0027742385864257812,0.13457965850830078,1.5919573307037354,0.11406588554382324,0.4936494827270508,1.6673660278320312,1.6833348274230957,67.74757647514343,0.11406588554382324,0.4936494827270508,1.6673660278320312,1.6833348274230957,67.74757647514343,0.802686233342099,0.007164595867930255,0.7990025380584189,0.806369928625779,0.085,200,183,0.795,2.63874496683556,0,12,200,6,6,4,0.04918811276898538,0.04918811276898538,0.0024194704377744226,0.04918811276898538,0.04918811276898538,0.0024194704377744226,0.05268617373745421,0.05268617373745421,0.00277583290309321,False,True,True,True,200,200,200
noise_study,sigmaN,0.5,0_-2_to_3_0,"(0, -2)","(3, 0)",0,-2,3,0,0.5,0.5,0.5,4,500,0.05,4,200,,2025-04-03_19-13-02,0.7500000596046448,0.7723079887366725,0.7991881706903479,0.7991881706903479,0.6684531737100012,0.8761628037633438,0.6819897817498313,0.9163865596308645,0.6819897817498313,0.9163865596308645,0.23357569391237132,0.005951913123951851,0.21727739054089446,0.23781604174833415,113.07389807701111,0.002830982208251953,0.14477014541625977,1.6195194721221924,0.1017308235168457,0.49109816551208496,1.650712251663208,1.6510226726531982,106.67503571510315,0.1017308235168457,0.49109816551208496,1.650712251663208,1.6510226726531982,106.67503571510315,0.8030905209202972,0.00502518637755767,0.801179042250043,0.8050019995905514,0.145,200,171,1.28,3.16411124962445,0,12,200,6,6,4,0.04918811108570309,0.04918811108570309,0.0024194702721794673,0.04918811108570309,0.04918811108570309,0.0024194702721794673,0.053090461315652426,0.053090461315652426,0.002818597082708787,False,True,True,True,200,200,200
noise_study,sigmaN,0.6,0_-2_to_3_0,"(0, -2)","(3, 0)",0,-2,3,0,0.5,0.5,0.6,4,500,0.05,4,200,,2025-04-03_19-14-55,0.7499998807907104,0.7723079884329902,0.7991881749700316,0.7991881749700316,0.6684531746536286,0.8761628022123518,0.6819897872506703,0.9163865626893929,0.6819897872506703,0.9163865626893929,0.23135600828669983,0.00933099769021931,0.20912073486204652,0.2377865308336251,114.05387711524963,0.0032329559326171875,0.13735532760620117,1.5781714916229248,0.12128806114196777,0.4837520122528076,1.6631970405578613,1.6474473476409912,107.67858481407166,0.12128806114196777,0.4837520122528076,1.6631970405578613,1.6474473476409912,107.67858481407166,0.8023907058077906,0.009749348376026937,0.7986822520173243,0.8060991595982568,0.145,200,171,1.395,3.4552821881866613,0,12,200,6,6,4,0.049188294179321135,0.049188294179321135,0.0024194882842714376,0.049188294179321135,0.049188294179321135,0.0024194882842714376,0.052390825017080145,0.052390825017080145,0.0027447985459703107,False,True,True,True,200,200,200
noise_study,sigmaN,0.7,0_-2_to_3_0,"(0, -2)","(3, 0)",0,-2,3,0,0.5,0.5,0.7,4,500,0.05,4,200,,2025-04-03_19-16-49,0.7499999403953552,0.7723079774770534,0.7991881696706512,0.7991881696706512,0.66845316328712,0.8761627916669867,0.6819897811715814,0.916386558169721,0.6819897811715814,0.916386558169721,0.23428658157679425,0.006190044942972708,0.2143921409504137,0.238897766925539,154.9462354183197,0.007037639617919922,0.12827682495117188,1.6055543422698975,0.11702442169189453,0.48868393898010254,1.653289794921875,1.656362533569336,148.55170893669128,0.11702442169189453,0.48868393898010254,1.653289794921875,1.656362533569336,148.55170893669128,0.8024593532052382,0.0074503608038682285,0.800010480546722,0.8049082258637544,0.19,200,162,1.84,3.874841932259947,0,13,200,6,6,4,0.04918822927529598,0.04918822927529598,0.0024194818992390845,0.04918822927529598,0.04918822927529598,0.0024194818992390845,0.05245941280988298,0.05245941280988298,0.002751989992357714,False,True,True,True,200,200,200
noise_study,sigmaN,0.7999999999999999,0_-2_to_3_0,"(0, -2)","(3, 0)",0,-2,3,0,0.5,0.5,0.7999999999999999,4,500,0.05,4,200,,2025-04-03_19-19-24,0.7500001192092896,0.7723079866727655,0.7991881723736302,0.7991881723736302,0.6684531724705717,0.8761628008749592,0.6819897842933785,0.9163865604538818,0.6819897842933785,0.9163865604538818,0.233809020398778,0.005663522415997983,0.2181201889483213,0.23853652431336614,147.52306699752808,0.006938457489013672,0.13894295692443848,1.6405892372131348,0.11389660835266113,0.48464322090148926,1.6619036197662354,1.647512674331665,141.08872032165527,0.11389660835266113,0.48464322090148926,1.6619036197662354,1.647512674331665,141.08872032165527,0.8031599355122034,0.0050769282944145575,0.8014159496247923,0.8049039213996145,0.175,200,165,1.655,3.640875581505086,0,12,200,6,6,4,0.049188053164340606,0.049188053164340606,0.002419464574097998,0.049188053164340606,0.049188053164340606,0.002419464574097998,0.05315981630291389,0.05315981630291389,0.002825966069359549,False,True,True,True,200,200,200
noise_study,sigmaN,0.8999999999999999,0_-2_to_3_0,"(0, -2)","(3, 0)",0,-2,3,0,0.5,0.5,0.8999999999999999,4,500,0.05,4,200,,2025-04-03_19-21-51,0.7500001192092896,0.7723079958812786,0.7991881844013953,,0.6684531827184184,0.8761628090441389,0.6819897971829626,0.916386571619828,,,0.23152970522851177,0.008484979445393444,0.21056355372044244,0.23744632690349698,100.97396111488342,0.0028204917907714844,0.12952876091003418,1.5965089797973633,0.1169435977935791,0.4848334789276123,1.6669197082519531,0.00041937828063964844,96.23524498939514,0.1169435977935791,0.4848334789276123,1.6669197082519531,0.00041937828063964844,96.23524498939514,0.8019830143194533,0.008936641496427035,0.7982941500134011,0.8056718786255055,0.125,200,175,1.19,3.222405933460277,0,14,200,6,0,4,0.04918806519210572,0.04918806519210572,0.0024194657573428425,,,,0.05198289511016374,0.05198289511016374,0.002702221384034285,False,True,True,,200,200,200
noise_study,sigmaN,0.9999999999999999,0_-2_to_3_0,"(0, -2)","(3, 0)",0,-2,3,0,0.5,0.5,0.9999999999999999,4,500,0.05,4,200,,2025-04-03_19-23-32,0.7500001192092896,0.7723079887366735,0.7991881706903484,0.7991881706903484,0.6684531737100025,0.8761628037633445,0.6819897817498318,0.916386559630865,0.6819897817498318,0.916386559630865,0.23267082995247873,0.007883832729024168,0.21542875037136655,0.23901575894117344,138.6404676437378,0.0029621124267578125,0.13643813133239746,1.6042416095733643,0.11841893196105957,0.48369646072387695,1.6544463634490967,1.6597888469696045,132.23573684692383,0.11841893196105957,0.48369646072387695,1.6544463634490967,1.6597888469696045,132.23573684692383,0.8040320234665226,0.007356749458360784,0.8013796324413441,0.806684414491701,0.16,200,168,1.6,3.748332962798263,0,14,200,6,6,4,0.04918805148105887,0.04918805148105887,0.0024194644085032977,0.04918805148105887,0.04918805148105887,0.0024194644085032977,0.05403190425723303,0.05403190425723303,0.002919446677662797,False,True,True,True,200,200,200
noise_study,sigmaN,1.0999999999999999,0_-2_to_3_0,"(0, -2)","(3, 0)",0,-2,3,0,0.5,0.5,1.0999999999999999,4,500,0.05,4,200,,2025-04-03_19-25-51,0.7499998807907104,0.7723079785121185,0.7991881616283855,,0.6684531652615175,0.8761627917627195,0.6819897743106349,0.916386548946136,,,0.23456151266652536,0.006804588975954973,0.20794825122201255,0.23858496992290412,100.17979383468628,0.006403684616088867,0.13522076606750488,1.574967384338379,0.11117410659790039,0.4857826232910156,1.6609141826629639,0.0003027915954589844,95.41814756393433,0.11117410659790039,0.4857826232910156,1.6609141826629639,0.0003027915954589844,95.41814756393433,0.8040087590404349,0.009113896018309886,0.8001602982713315,0.8078572198095383,0.12,200,176,1.175,3.2533636439844837,0,14,200,6,0,4,0.049188280837675014,0.049188280837675014,0.002419486971765987,,,,0.054008878249724446,0.054008878249724446,0.0029169589297935584,False,True,True,,200,200,200
noise_study,sigmaN,1.2,0_-2_to_3_0,"(0, -2)","(3, 0)",0,-2,3,0,0.5,0.5,1.2,4,500,0.05,4,200,,2025-04-03_19-27-31,0.7499998807907104,0.7723079884329946,0.7991881749700311,0.7991881749700311,0.668453174653633,0.8761628022123563,0.6819897872506699,0.9163865626893923,0.6819897872506699,0.9163865626893923,0.23335453939710224,0.0079501391596311,0.20794825221668733,0.23828266654984942,132.2283923625946,0.00890493392944336,0.12802743911743164,1.5988061428070068,0.12005996704101562,0.4891510009765625,1.684152603149414,1.6601383686065674,125.75361609458923,0.12005996704101562,0.4891510009765625,1.684152603149414,1.6601383686065674,125.75361609458923,0.8035233511559712,0.009647665343869587,0.800102437774982,0.8069442645369603,0.165,200,167,1.625,3.7328775763477697,0,13,200,6,6,4,0.04918829417932069,0.04918829417932069,0.0024194882842713938,0.04918829417932069,0.04918829417932069,0.0024194882842713938,0.05352347036526073,0.05352347036526073,0.0028647618799409434,False,True,True,True,200,200,200
noise_study,sigmaN,1.3,0_-2_to_3_0,"(0, -2)","(3, 0)",0,-2,3,0,0.5,0.5,1.3,4,500,0.05,4,200,,2025-04-03_19-29-44,0.75,0.7723079764486184,0.7991881612517642,0.7991881612517642,0.6684531636536492,0.8761627892435876,0.6819897744127482,0.9163865480907801,0.6819897744127482,0.9163865480907801,0.23328962947841364,0.007983222759726233,0.20794825022574748,0.23861869824074677,132.73378777503967,0.002875804901123047,0.13750195503234863,1.591538429260254,0.12174558639526367,0.49525022506713867,1.6843576431274414,1.6485755443572998,126.25820255279541,0.12174558639526367,0.49525022506713867,1.6843576431274414,1.6485755443572998,126.25820255279541,0.8034528657819379,0.00989183351468081,0.7997591944437666,0.8071465371201091,0.15,200,170,1.49,3.627657646471067,0,15,200,6,6,4,0.04918816125176417,0.04918816125176417,0.0024194752073295545,0.04918816125176417,0.04918816125176417,0.0024194752073295545,0.053452865781937864,0.053452865781937864,0.0028572088603018636,False,True,True,True,200,200,200
noise_study,sigmaN,1.4,0_-2_to_3_0,"(0, -2)","(3, 0)",0,-2,3,0,0.5,0.5,1.4,4,500,0.05,4,200,,2025-04-03_19-31-56,0.7499998807907104,0.7723079774770542,0.7991881696706514,0.7991881696706514,0.6684531632871208,0.8761627916669875,0.6819897811715816,0.9163865581697213,0.6819897811715816,0.9163865581697213,0.23347281585005858,0.00667789100179644,0.21532838308073088,0.2383854339252216,131.34490299224854,0.0028181076049804688,0.1593623161315918,1.586763620376587,0.12268590927124023,0.48799800872802734,1.6607332229614258,1.6736421585083008,124.88700485229492,0.12268590927124023,0.48799800872802734,1.6607332229614258,1.6736421585083008,124.88700485229492,0.8036689764136168,0.005303759628047463,0.80178834502411,0.8055496078031236,0.165,200,167,1.495,3.4102749156043126,0,12,200,6,6,4,0.04918828887994098,0.04918828887994098,0.0024194877629365253,0.04918828887994098,0.04918828887994098,0.0024194877629365253,0.05366909562290634,0.05366909562290634,0.002880371824980664,False,True,True,True,200,200,200
noise_study,sigmaN,1.5,0_-2_to_3_0,"(0, -2)","(3, 0)",0,-2,3,0,0.5,0.5,1.5,4,500,0.05,4,200,,2025-04-03_19-34-08,0.75,0.7723079902279528,0.7991881776329086,0.7991881776329086,0.6684531757949341,0.8761628046609715,0.6819897892070294,0.9163865660587879,0.6819897892070294,0.9163865660587879,0.2341970575984617,0.006087988411591006,0.21239185198054678,0.2386538423872,149.42897057533264,0.008137702941894531,0.13182902336120605,1.5866045951843262,0.11597061157226562,0.49825072288513184,1.670513391494751,1.905400037765503,142.72729659080505,0.11597061157226562,0.49825072288513184,1.670513391494751,1.905400037765503,142.72729659080505,0.8036747391543831,0.005526867856608691,0.8018319896654186,0.8055174886433477,0.185,200,163,1.81,3.8592615874024396,0,13,200,6,6,4,0.049188177632908614,0.049188177632908614,0.002419476818846571,0.049188177632908614,0.049188177632908614,0.002419476818846571,0.053674739154383144,0.053674739154383144,0.002880977623291071,False,True,True,True,200,200,200
noise_study,sigmaN,1.5999999999999999,0_-2_to_3_0,"(0, -2)","(3, 0)",0,-2,3,0,0.5,0.5,1.5999999999999999,4,500,0.05,4,200,,2025-04-03_19-36-37,0.7500001788139343,0.7723079866727671,0.7991881723736309,0.7991881723736309,0.6684531724705732,0.876162800874961,0.6819897842933793,0.9163865604538826,0.6819897842933793,0.9163865604538826,0.23184417131422405,0.00786729433863834,0.21285368222849899,0.23864907120583023,134.9863691329956,0.002560853958129883,0.1517171859741211,1.585827350616455,0.1259005069732666,0.4920310974121094,1.656440258026123,1.6441338062286377,128.58397698402405,0.1259005069732666,0.4920310974121094,1.656440258026123,1.6441338062286377,128.58397698402405,0.8010139105766394,0.008324795206257944,0.798062066550128,0.8039657546031508,0.165,200,167,1.54,3.5268115912251394,0,12,200,6,6,4,0.04918799355969661,0.04918799355969661,0.002419458710428755,0.04918799355969661,0.04918799355969661,0.002419458710428755,0.05101373176270507,0.05101373176270507,0.0026024008283572243,False,True,True,True,200,200,200
noise_study,sigmaN,1.7,0_-2_to_3_0,"(0, -2)","(3, 0)",0,-2,3,0,0.5,0.5,1.7,4,500,0.05,4,200,,2025-04-03_19-38-52,0.7499998211860657,0.7723079793094771,0.7991881640655831,0.7991881640655831,0.6684531649939423,0.876162793625012,0.681989775794811,0.9163865523363552,0.681989775794811,0.9163865523363552,0.23334317126345006,0.006385490204001666,0.21476930811415174,0.23847377256533675,164.52179646492004,0.002887248992919922,0.11536026000976562,1.5987722873687744,0.11791110038757324,0.48788952827453613,1.6643502712249756,1.7254796028137207,158.06469535827637,0.11791110038757324,0.48788952827453613,1.6643502712249756,1.7254796028137207,158.06469535827637,0.8039505312617967,0.005973668273023764,0.8020140920199976,0.8058869705035958,0.195,200,161,1.915,3.941798447409507,0,14,200,6,6,4,0.049188342879517455,0.049188342879517455,0.0024194930752329757,0.049188342879517455,0.049188342879517455,0.0024194930752329757,0.053950710075731045,0.053950710075731045,0.0029106791176755874,False,True,True,True,200,200,200
noise_study,sigmaN,1.8,0_-2_to_3_0,"(0, -2)","(3, 0)",0,-2,3,0,0.5,0.5,1.8,4,500,0.05,4,200,,2025-04-03_19-41-37,0.75,0.77230799588128,0.7991881844013946,0.7991881844013946,0.6684531827184198,0.8761628090441401,0.6819897971829619,0.9163865716198273,0.6819897971829619,0.9163865716198273,0.23166079559394578,0.008611889667913642,0.20794825092976787,0.23870283170617457,148.46556997299194,0.0028166770935058594,0.14458966255187988,1.5724985599517822,0.12330460548400879,0.4877052307128906,1.6817669868469238,1.747222661972046,141.94266533851624,0.12330460548400879,0.4877052307128906,1.6817669868469238,1.747222661972046,141.94266533851624,0.8006762961846523,0.008403553577601915,0.7978744119235521,0.8034781804457525,0.185,200,163,1.655,3.5701505570493803,0,13,200,6,6,4,0.04918818440139461,0.04918818440139461,0.0024194774847055996,0.04918818440139461,0.04918818440139461,0.0024194774847055996,0.0506762961846523,0.0506762961846523,0.0025680869949946056,False,True,True,True,200,200,200
noise_study,sigmaN,1.9,0_-2_to_3_0,"(0, -2)","(3, 0)",0,-2,3,0,0.5,0.5,1.9,4,500,0.05,4,200,,2025-04-03_19-44-05,0.75,0.7723079830025336,0.799188168754511,0.799188168754511,0.6684531684441193,0.8761627975609478,0.6819897800109843,0.9163865574980378,0.6819897800109843,0.9163865574980378,0.23394174705225898,0.005680428656756974,0.21799048631727858,0.23847377306283968,125.92668676376343,0.007348060607910156,0.13980984687805176,1.5815074443817139,0.10252499580383301,0.49978208541870117,1.6485633850097656,1.658585548400879,119.54491710662842,0.10252499580383301,0.49978208541870117,1.6485633850097656,1.658585548400879,119.54491710662842,0.8030098661934026,0.005845934807110748,0.8008655599943834,0.8051541723924219,0.155,200,169,1.505,3.566507395197717,0,14,200,6,6,4,0.04918816875451104,0.04918816875451104,0.0024194759454222565,0.04918816875451104,0.04918816875451104,0.0024194759454222565,0.053009866193402644,0.053009866193402644,0.0028100459138424524,False,True,True,True,200,200,200
noise_study,sigmaN,2.0,0_-2_to_3_0,"(0, -2)","(3, 0)",0,-2,3,0,0.5,0.5,2.0,4,500,0.05,4,200,,2025-04-03_19-46-11,0.7500001788139343,0.7723079887366748,0.799188170690348,0.799188170690348,0.6684531737100035,0.8761628037633462,0.6819897817498314,0.9163865596308646,0.6819897817498314,0.9163865596308646,0.2342763535422479,0.00604602957015612,0.21345801102804574,0.23886291440448404,143.57154202461243,0.0028781890869140625,0.1397838592529297,1.5732231140136719,0.11132979393005371,0.48602294921875,1.6568541526794434,1.6558070182800293,137.21092557907104,0.11132979393005371,0.48602294921875,1.6568541526794434,1.6558070182800293,137.21092557907104,0.8035698207072185,0.006318090307092643,0.8013994807512493,0.8057401606631877,0.175,200,165,1.67,3.6920319608584107,0,13,200,6,6,4,0.04918799187641365,0.04918799187641365,0.0024194585448341355,0.04918799187641365,0.04918799187641365,0.0024194585448341355,0.05356964189328417,0.05356964189328417,0.002869706532574706,False,True,True,True,200,200,200
n_boot_study,B,10.0,0_-2_to_3_0,"(0, -2)","(3, 0)",0,-2,3,0,0.5,0.5,1.0,4,500,0.05,4,10,,2025-04-03_20-24-31,0.7500001192092896,0.7723079887366735,0.7991881706903484,0.7991881706903484,0.6684531737100025,0.8761628037633445,0.6819897817498318,0.916386559630865,0.6819897817498318,0.916386559630865,0.23720476365401214,0.0013131021091659185,0.23583717577550734,0.23897650670492787,17.54589033126831,0.004065990447998047,0.12256598472595215,0.21490836143493652,0.10422277450561523,0.5317461490631104,1.680612325668335,1.6837632656097412,12.456415891647339,0.10422277450561523,0.5317461490631104,1.680612325668335,1.6837632656097412,12.456415891647339,0.8089620512892983,0.005312192775105395,0.7957658328847349,0.8221582696938617,0.3,10,7,3.4,5.314132102234569,0,14,10,6,6,4,0.04918805148105887,0.04918805148105887,0.0024194644085032977,0.04918805148105887,0.04918805148105887,0.0024194644085032977,0.05896193208000877,0.05896193208000877,0.0034765094346075674,False,True,True,True,10,10,10
n_boot_study,B,100.0,0_-2_to_3_0,"(0, -2)","(3, 0)",0,-2,3,0,0.5,0.5,1.0,4,500,0.05,4,100,,2025-04-03_20-25-32,0.7500001192092896,0.7723079887366735,0.7991881706903484,0.7991881706903484,0.6684531737100025,0.8761628037633445,0.6819897817498318,0.916386559630865,0.6819897817498318,0.916386559630865,0.23439928107239777,0.006436034855161912,0.212311775643371,0.23789200099182173,58.615572452545166,0.0072209835052490234,0.12784314155578613,0.8415522575378418,0.10650920867919922,0.4920186996459961,1.656507968902588,1.9328198432922363,52.711304903030396,0.10650920867919922,0.4920186996459961,1.656507968902588,1.9328198432922363,52.711304903030396,0.8045753685062047,0.00664255749678079,0.8005613111845818,0.8085894258278276,0.13,100,87,1.23,3.205791633902615,0,11,100,6,6,4,0.04918805148105887,0.04918805148105887,0.0024194644085032977,0.04918805148105887,0.04918805148105887,0.0024194644085032977,0.05457524929691515,0.05457524929691515,0.002978457835820438,False,True,True,True,100,100,100
n_boot_study,B,200.0,0_-2_to_3_0,"(0, -2)","(3, 0)",0,-2,3,0,0.5,0.5,1.0,4,500,0.05,4,200,,2025-04-03_20-26-30,0.7500001192092896,0.7723079887366735,0.7991881706903484,0.7991881706903484,0.6684531737100025,0.8761628037633445,0.6819897817498318,0.916386559630865,0.6819897817498318,0.916386559630865,0.2325657140898467,0.007810527751488233,0.2097745928541781,0.23734991546439854,119.9421763420105,0.002896547317504883,0.11853432655334473,1.6151924133300781,0.1157999038696289,0.48825883865356445,1.6630735397338867,1.9020719528198242,113.29783058166504,0.1157999038696289,0.48825883865356445,1.6630735397338867,1.9020719528198242,113.29783058166504,0.8023386686852519,0.008470547981906221,0.7990541330662198,0.8056232043042841,0.14,200,172,1.3,3.2588341473600644,0,12,200,6,6,4,0.04918805148105887,0.04918805148105887,0.0024194644085032977,0.04918805148105887,0.04918805148105887,0.0024194644085032977,0.05233854947596239,0.05233854947596239,0.0027393237612477633,False,True,True,True,200,200,200
n_boot_study,B,50.0,0_-2_to_3_0,"(0, -2)","(3, 0)",0,-2,3,0,0.5,0.5,1.0,4,500,0.05,4,50,,2025-04-03_20-24-49,0.7500001192092896,0.7723079887366735,0.7991881706903484,0.7991881706903484,0.6684531737100025,0.8761628037633445,0.6819897817498318,0.916386559630865,0.6819897817498318,0.916386559630865,0.23293094484773588,0.008303404849107604,0.2095353006593308,0.23682277175654076,42.86554837226868,0.002852916717529297,0.12185931205749512,0.499849796295166,0.11598706245422363,0.4973468780517578,1.6538105010986328,1.6639127731323242,37.59842896461487,0.11598706245422363,0.4973468780517578,1.6538105010986328,1.6639127731323242,37.59842896461487,0.8014666996803613,0.010553716000954895,0.7933543954337039,0.8095790039270188,0.18,50,41,1.64,3.5763668715611376,0,12,50,6,6,4,0.04918805148105887,0.04918805148105887,0.0024194644085032977,0.04918805148105887,0.04918805148105887,0.0024194644085032977,0.05146658047107178,0.05146658047107178,0.002648808905385307,False,True,True,True,50,50,50
n_boot_study,B,500.0,0_-2_to_3_0,"(0, -2)","(3, 0)",0,-2,3,0,0.5,0.5,1.0,4,500,0.05,4,500,,2025-04-03_20-28-30,0.7500001192092896,0.7723079887366735,0.7991881706903484,0.7991881706903484,0.6684531737100025,0.8761628037633445,0.6819897817498318,0.916386559630865,0.6819897817498318,0.916386559630865,0.23221402024930404,0.008548803181063148,0.20794825482118506,0.23909866081374576,363.9843819141388,0.0028727054595947266,0.14695191383361816,3.847874402999878,0.11316990852355957,0.5689477920532227,1.6494684219360352,1.9200115203857422,354.938871383667,0.11316990852355957,0.5689477920532227,1.6494684219360352,1.9200115203857422,354.938871383667,0.8024834938711252,0.009381773919715609,0.8005185193658961,0.8044484683763542,0.18,500,410,1.732,3.7773239204495024,0,15,500,6,6,4,0.04918805148105887,0.04918805148105887,0.0024194644085032977,0.04918805148105887,0.04918805148105887,0.0024194644085032977,0.05248337466183561,0.05248337466183561,0.0027545046158946084,False,True,True,True,500,500,500
T_study,T,1000.0,0_-2_to_3_0,"(0, -2)","(3, 0)",0,-2,3,0,0.5,0.5,1.0,4,1000,0.05,4,200,,2025-04-03_20-09-03,0.7500001192092896,0.7550671136640901,,0.7540554814067895,0.6805760565373304,0.8295581707908497,,,0.6790738740771928,0.8290370887363862,0.15540925560617777,0.004836963050844953,0.14996321465919338,0.1644507983166259,164.01496529579163,0.0057299137115478516,0.17671728134155273,1.865717887878418,0.12198805809020996,0.49339866638183594,0.00028324127197265625,1.8318109512329102,158.75774121284485,0.12198805809020996,0.49339866638183594,0.00028324127197265625,1.8318109512329102,158.75774121284485,0.7602874217746887,0.004396686443975009,0.7589173178280868,0.7616575257212905,0.21,200,158,2.04,4.048258885002292,0,13,200,0,5,4,,,,0.004055362197499912,0.004055362197499912,1.6445962552911315e-05,0.010287302565399115,0.010287302565399115,0.0001058285940720672,False,True,,True,200,200,200
T_study,T,200.0,0_-2_to_3_0,"(0, -2)","(3, 0)",0,-2,3,0,0.5,0.5,1.0,4,200,0.05,4,200,,2025-04-03_19-48-35,0.7500001192092896,0.7854311009659707,,,0.6151196379681523,0.9557425639637891,,,,,0.3727150341795912,0.013982124201925251,0.34137855801431183,0.39191632365860296,188.25735712051392,0.004140615463256836,0.08274435997009277,1.4469821453094482,0.11606073379516602,0.492431640625,0.0003006458282470703,0.0002925395965576172,185.34113335609436,0.11606073379516602,0.492431640625,0.0003006458282470703,0.0002925395965576172,185.34113335609436,0.8318650356280323,0.021917855993412165,0.825356235828676,0.8383738354273885,0.23,200,154,1.96,3.705185555407448,0,13,200,0,0,4,,,,,,,0.08186491641874272,0.08186491641874272,0.006701864540247731,False,True,,,200,200,200
T_study,T,2500.0,0_-2_to_3_0,"(0, -2)","(3, 0)",0,-2,3,0,0.5,0.5,1.0,4,2500,0.05,4,200,,2025-04-03_20-11-47,0.7500001192092896,0.7659989398662366,0.7609975722427877,0.7666086515551518,0.7192526410830518,0.8127452386494214,0.7137868600420703,0.8082082844435052,0.719727867014353,0.8134894360959506,0.09966209516326435,0.004578287105089006,0.09349259756636963,0.10498787850614333,510.805881023407,0.01333928108215332,0.2674713134765625,2.249410390853882,0.1293201446533203,0.503232479095459,2.03478741645813,2.088284492492676,502.7510075569153,0.1293201446533203,0.503232479095459,2.03478741645813,2.088284492492676,502.7510075569153,0.7572457742707577,0.008028960856350846,0.7558525241317389,0.7586390244097765,0.65,200,70,6.02,4.687173988663105,0,13,200,7,5,4,0.010997453033498195,0.010997453033498195,0.00012094397322399865,0.016608532345862237,0.016608532345862237,0.00027584334668355215,0.007245655061468126,0.007245655061468126,5.249951726977867e-05,False,True,True,True,200,200,200
T_study,T,300.0,0_-2_to_3_0,"(0, -2)","(3, 0)",0,-2,3,0,0.5,0.5,1.0,4,300,0.05,4,200,,2025-04-03_19-51-43,0.7500001192092896,0.8561884663099445,,0.9105950112756169,0.7200451536994974,0.9923317789203916,,,0.7570974974199252,1.0640925251313087,0.3033341889025245,0.0126684851767233,0.27441220509596764,0.31760414713299034,218.99361610412598,0.0017926692962646484,0.0987241268157959,1.5051138401031494,0.11725091934204102,0.49619412422180176,0.00029659271240234375,2.3546643257141113,213.66050004959106,0.11725091934204102,0.49619412422180176,0.00029659271240234375,2.3546643257141113,213.66050004959106,0.9041018476394608,0.0208926342333658,0.898399256236676,0.9098044390422455,0.27,200,146,2.325,3.9229293901369164,0,13,200,0,7,4,,,,0.16059489206632738,0.16059489206632738,0.02579071935779534,0.15410172843017123,0.15410172843017123,0.023747342705166243,False,True,,False,200,200,200
T_study,T,400.0,0_-2_to_3_0,"(0, -2)","(3, 0)",0,-2,3,0,0.5,0.5,1.0,4,400,0.05,4,200,,2025-04-03_19-55-22,0.7500001192092896,0.769741067071841,,,0.6514503041289025,0.8880318300147795,,,,,0.26676399759390024,0.009744384736905308,0.236581525885877,0.27264351199853265,181.85513353347778,0.007086753845214844,0.12219119071960449,1.5574345588684082,0.1132044792175293,0.486499547958374,0.00028705596923828125,0.0003306865692138672,178.82593774795532,0.1132044792175293,0.486499547958374,0.00028705596923828125,0.0003306865692138672,178.82593774795532,0.822826555838025,0.020625345565097607,0.816555877643062,0.829097234032988,0.22,200,156,2.005,3.874916128124582,0,13,200,0,0,4,,,,,,,0.07282643662873545,0.07282643662873545,0.00530368987203922,False,True,,,200,200,200
T_study,T,500.0,0_-2_to_3_0,"(0, -2)","(3, 0)",0,-2,3,0,0.5,0.5,1.0,4,500,0.05,4,200,,2025-04-03_19-58-24,0.7500001192092896,0.7723079887366735,0.7991881706903484,,0.6684531737100025,0.8761628037633445,0.6819897817498318,0.916386559630865,,,0.23322409618740228,0.0073867477327406355,0.2146330222164039,0.23848757565780887,135.25035333633423,0.0027883052825927734,0.13326215744018555,1.592526912689209,0.11353015899658203,0.49216437339782715,1.631303310394287,0.0003650188446044922,130.54096460342407,0.11353015899658203,0.49216437339782715,1.631303310394287,0.0003650188446044922,130.54096460342407,0.8031282385474198,0.006749007706483004,0.8007351444724706,0.8055213326223689,0.165,200,167,1.575,3.5783201366004134,0,12,200,6,0,4,0.04918805148105887,0.04918805148105887,0.0024194644085032977,,,,0.05312811933813022,0.05312811933813022,0.0028225970644066064,False,True,True,,200,200,200
T_study,T,5000.0,0_-2_to_3_0,"(0, -2)","(3, 0)",0,-2,3,0,0.5,0.5,1.0,4,5000,0.05,4,200,,2025-04-03_20-20-18,0.7500001192092896,0.7371054467598124,0.7373963635540075,0.7371054467598124,0.7036073512532822,0.7706035422663425,0.70381761371285,0.770975113395165,0.7036073512532822,0.7706035422663425,0.07033486937490624,0.0031754186445713266,0.06715749968231499,0.07508041184081438,252.67776703834534,0.02382063865661621,0.38803887367248535,16.642794847488403,0.11110949516296387,0.49106264114379883,2.3774631023406982,1.217557430267334,230.66286373138428,0.11110949516296387,0.49106264114379883,2.3774631023406982,1.217557430267334,230.66286373138428,0.7363575135559762,0.0011472726208550253,0.736063683394332,0.7366513437176204,0.305,200,139,2.67,4.14621514154777,0,13,200,5,4,4,-0.012603755655282045,0.012603755655282045,0.00015885465661805414,-0.012894672449477174,0.012894672449477174,0.00016627257757930564,-0.013642605653313322,0.013642605653313322,0.0001861206890118166,False,True,True,True,200,200,200
T_study,T,600.0,0_-2_to_3_0,"(0, -2)","(3, 0)",0,-2,3,0,0.5,0.5,1.0,4,600,0.05,4,200,,2025-04-03_20-00-39,0.7500001192092896,0.7368904192484307,0.7814556909500574,,0.6414270877023442,0.8323537507945171,0.6749765638697611,0.8879348180303537,,,0.20850550728779138,0.007533655892172919,0.19550616568897672,0.21544012093756426,98.10146951675415,0.0033936500549316406,0.1493241786956787,1.7197051048278809,0.11224889755249023,0.4910295009613037,1.8771123886108398,0.00010824203491210938,92.99849081039429,0.11224889755249023,0.4910295009613037,1.8771123886108398,0.00010824203491210938,92.99849081039429,0.7683046329121552,0.018500434800879394,0.7606680287571497,0.7759412370671608,0.125,200,175,1.135,3.065415958724036,0,13,200,7,0,4,0.03145557174076785,0.03145557174076785,0.000989452993538593,,,,0.018304513702865677,0.018304513702865677,0.00033505522189839734,False,True,True,,200,200,200
T_study,T,700.0,0_-2_to_3_0,"(0, -2)","(3, 0)",0,-2,3,0,0.5,0.5,1.0,4,700,0.05,4,200,,2025-04-03_20-02-18,0.7500001192092896,0.7787057250606995,,,0.6904665888530241,0.8669448612683748,,,,,0.1931724482377634,0.007274039805871071,0.18203634268780222,0.20018127001195118,136.56847429275513,0.0058896541595458984,0.16199469566345215,1.7371010780334473,0.12086892127990723,0.502070426940918,0.0002989768981933594,0.0003573894500732422,133.28709745407104,0.12086892127990723,0.502070426940918,0.0002989768981933594,0.0003573894500732422,133.28709745407104,0.7956194269666205,0.005137500995798466,0.7938268681262958,0.7974119858069452,0.17,200,166,1.695,3.8028903481431073,0,13,200,0,0,4,,,,,,,0.04561930775733092,0.04561930775733092,0.002081121240258073,False,True,,,200,200,200
T_study,T,800.0,0_-2_to_3_0,"(0, -2)","(3, 0)",0,-2,3,0,0.5,0.5,1.0,4,800,0.05,4,200,,2025-04-03_20-04-34,0.7500001192092896,0.7497383885619804,,,0.666357888233062,0.8331188888908988,,,,,0.17692239770782087,0.006667468368422912,0.1685135813588876,0.18505239791912165,85.99647545814514,0.009467601776123047,0.19785857200622559,1.7694642543792725,0.11645770072937012,0.4944264888763428,0.00031566619873046875,0.0003616809844970703,82.65882134437561,0.11645770072937012,0.4944264888763428,0.00031566619873046875,0.0003616809844970703,82.65882134437561,0.7585203744903338,0.006785754479573443,0.7554315360840002,0.7616092128966675,0.105,200,179,1.005,2.9891428537291422,0,13,200,0,0,4,,,,,,,0.008520255281044276,0.008520255281044276,7.259475005416287e-05,False,True,,,200,200,200
T_study,T,900.0,0_-2_to_3_0,"(0, -2)","(3, 0)",0,-2,3,0,0.5,0.5,1.0,4,900,0.05,4,200,,2025-04-03_20-06-00,0.7500001192092896,0.7486629864322538,,,0.6703363658178502,0.8269896070466575,,,,,0.16567007185040256,0.005822376298129021,0.15785452391246513,0.1741721412191246,183.0399305820465,0.004935741424560547,0.18451905250549316,1.7836639881134033,0.11489295959472656,0.49435925483703613,0.0002961158752441406,0.00037789344787597656,179.6395239830017,0.11489295959472656,0.49435925483703613,0.0002961158752441406,0.00037789344787597656,179.6395239830017,0.7559522911292565,0.0046965674472947425,0.7545412860614754,0.7573632961970377,0.225,200,155,2.095,3.9844667146307047,0,13,200,0,0,4,,,,,,,0.005952171919966998,0.005952171919966998,3.5428350564843614e-05,False,True,,,200,200,200
