param_name,param_value,bootstrap_mae,bootstrap_rmse,bootstrap_bias,bagged_mae,bagged_rmse,bagged_bias,pcmci_mae,pcmci_rmse,pcmci_bias
T,200.0,0.0818649164187427,0.0818649164187427,0.0818649164187427,,,,,,
T,300.0,0.1541017284301712,0.1541017284301712,0.1541017284301712,0.1605948920663273,0.1605948920663273,0.1605948920663273,,,
T,400.0,0.0728264366287354,0.0728264366287354,0.0728264366287354,,,,,,
T,500.0,0.0531281193381302,0.0531281193381302,0.0531281193381302,,,,0.0491880514810588,0.0491880514810588,0.0491880514810588
T,600.0,0.0183045137028656,0.0183045137028656,0.0183045137028656,,,,0.0314555717407678,0.0314555717407678,0.0314555717407678
T,700.0,0.0456193077573309,0.0456193077573309,0.0456193077573309,,,,,,
T,800.0,0.0085202552810442,0.0085202552810442,0.0085202552810442,,,,,,
T,900.0,0.0059521719199669,0.0059521719199669,0.0059521719199669,,,,,,
T,1000.0,0.0102873025653991,0.0102873025653991,0.0102873025653991,0.0040553621974999,0.0040553621974999,0.0040553621974999,,,
T,2500.0,0.0072456550614681,0.0072456550614681,0.0072456550614681,0.0166085323458622,0.0166085323458622,0.0166085323458622,0.0109974530334981,0.0109974530334981,0.0109974530334981
T,5000.0,0.0136426056533133,0.0136426056533133,-0.0136426056533133,0.0128946724494771,0.0128946724494771,-0.0128946724494771,0.012603755655282,0.012603755655282,-0.012603755655282
a,0.01,0.0179275241429994,0.0179275241429994,0.0179275241429994,0.0043865399724634,0.0043865399724634,-0.0043865399724634,0.0043865399724634,0.0043865399724634,-0.0043865399724634
a,0.061578947368421,0.0314162858398477,0.0314162858398477,0.0314162858398477,0.044682574475894,0.044682574475894,0.044682574475894,0.0543516231241639,0.0543516231241639,0.0543516231241639
a,0.1131578947368421,0.0552090859881979,0.0552090859881979,0.0552090859881979,0.0564160059244377,0.0564160059244377,0.0564160059244377,0.0564160059244377,0.0564160059244377,0.0564160059244377
a,0.1647368421052631,0.0598830376063906,0.0598830376063906,0.0598830376063906,0.0564766954142671,0.0564766954142671,0.0564766954142671,0.0564766954142671,0.0564766954142671,0.0564766954142671
a,0.2163157894736842,0.0588842266185569,0.0588842266185569,0.0588842266185569,0.0564095777619934,0.0564095777619934,0.0564095777619934,0.0564095777619934,0.0564095777619934,0.0564095777619934
a,0.2678947368421052,0.0589479198900813,0.0589479198900813,0.0589479198900813,0.0561356796822245,0.0561356796822245,0.0561356796822245,0.0561356796822245,0.0561356796822245,0.0561356796822245
a,0.3194736842105263,0.0569548205990055,0.0569548205990055,0.0569548205990055,,,,0.0555573436012155,0.0555573436012155,0.0555573436012155
a,0.3710526315789473,0.0542817185564176,0.0542817185564176,0.0542817185564176,0.0546295318766623,0.0546295318766623,0.0546295318766623,0.0545521527889814,0.0545521527889814,0.0545521527889814
a,0.4226315789473684,0.0560920707132267,0.0560920707132267,0.0560920707132267,0.0529735533609849,0.0529735533609849,0.0529735533609849,0.0529735533609849,0.0529735533609849,0.0529735533609849
a,0.4742105263157894,0.0539646224168377,0.0539646224168377,0.0539646224168377,0.0506618291052415,0.0506618291052415,0.0506618291052415,0.0506618291052415,0.0506618291052415,0.0506618291052415
a,0.5257894736842105,0.0509177525293333,0.0509177525293333,0.0509177525293333,,,,0.0474893555064008,0.0474893555064008,0.0474893555064008
a,0.5773684210526315,0.0519652323821963,0.0519652323821963,0.0519652323821963,0.0434230216944879,0.0434230216944879,0.0434230216944879,0.0434230216944879,0.0434230216944879,0.0434230216944879
a,0.6289473684210526,0.0454004420671203,0.0454004420671203,0.0454004420671203,0.0385661318712123,0.0385661318712123,0.0385661318712123,0.0385661318712123,0.0385661318712123,0.0385661318712123
a,0.6805263157894736,0.0441931127613736,0.0441931127613736,0.0441931127613736,0.0331419897501629,0.0331419897501629,0.0331419897501629,0.0291895800060171,0.0291895800060171,0.0291895800060171
a,0.7321052631578947,0.0453545875477898,0.0453545875477898,0.0453545875477898,0.0276443837658038,0.0276443837658038,0.0276443837658038,,,
a,0.7836842105263158,0.0419051402515351,0.0419051402515351,0.0419051402515351,,,,,,
a,0.8352631578947368,0.0289557343024002,0.0289557343024002,0.0289557343024002,0.0233711325088776,0.0233711325088776,0.0233711325088776,,,
a,0.8868421052631579,0.0342055859754562,0.0342055859754562,0.0342055859754562,0.0271202297033017,0.0271202297033017,0.0271202297033017,0.0056914240141505,0.0056914240141505,0.0056914240141505
a,0.9384210526315788,0.0662285592820353,0.0662285592820353,0.0662285592820353,0.0376467571638245,0.0376467571638245,0.0376467571638245,,,
a,0.99,0.123380947213709,0.123380947213709,0.123380947213709,0.1225222908542491,0.1225222908542491,0.1225222908542491,0.1247822434306726,0.1247822434306726,0.1247822434306726
c,0.01,0.0272041498253111,0.0272041498253111,0.0272041498253111,,,,,,
c,0.061578947368421,0.0301080174645784,0.0301080174645784,0.0301080174645784,,,,,,
c,0.1131578947368421,0.028189540959083,0.028189540959083,0.028189540959083,0.0384952471693764,0.0384952471693764,0.0384952471693764,,,
c,0.1647368421052631,0.0399217033988534,0.0399217033988534,0.0399217033988534,0.0362901024080134,0.0362901024080134,0.0362901024080134,0.0362901024080134,0.0362901024080134,0.0362901024080134
c,0.2163157894736842,0.0417198361842228,0.0417198361842228,0.0417198361842228,0.0382914305923388,0.0382914305923388,0.0382914305923388,0.0382914305923388,0.0382914305923388,0.0382914305923388
c,0.2678947368421052,0.0427792334687873,0.0427792334687873,0.0427792334687873,0.0403246994789793,0.0403246994789793,0.0403246994789793,0.0403246994789793,0.0403246994789793,0.0403246994789793
c,0.3194736842105263,0.0445447274273217,0.0445447274273217,0.0445447274273217,0.042358168773729,0.042358168773729,0.042358168773729,0.042358168773729,0.042358168773729,0.042358168773729
c,0.3710526315789473,0.0462092673394269,0.0462092673394269,0.0462092673394269,0.0443664197310564,0.0443664197310564,0.0443664197310564,0.0443664197310564,0.0443664197310564,0.0443664197310564
c,0.4226315789473684,0.0466374836518408,0.0466374836518408,0.0466374836518408,0.0463322831623069,0.0463322831623069,0.0463322831623069,0.0463322831623069,0.0463322831623069,0.0463322831623069
c,0.4742105263157894,0.0518540564070765,0.0518540564070765,0.0518540564070765,0.0482486134297546,0.0482486134297546,0.0482486134297546,0.0482486134297546,0.0482486134297546,0.0482486134297546
c,0.5257894736842105,0.0554113505556831,0.0554113505556831,0.0554113505556831,0.0501158794207492,0.0501158794207492,0.0501158794207492,0.0501158794207492,0.0501158794207492,0.0501158794207492
c,0.5773684210526315,0.0549444355610606,0.0549444355610606,0.0549444355610606,0.0519411489946302,0.0519411489946302,0.0519411489946302,0.0519411489946302,0.0519411489946302,0.0519411489946302
c,0.6289473684210526,0.0606626084073131,0.0606626084073131,0.0606626084073131,0.0537363266953514,0.0537363266953514,0.0537363266953514,0.0537363266953514,0.0537363266953514,0.0537363266953514
c,0.6805263157894736,0.063292228219643,0.063292228219643,0.063292228219643,0.0555168226032734,0.0555168226032734,0.0555168226032734,0.0555168226032734,0.0555168226032734,0.0555168226032734
c,0.7321052631578947,0.0666912690627667,0.0666912690627667,0.0666912690627667,0.0572990639087773,0.0572990639087773,0.0572990639087773,0.0572990639087773,0.0572990639087773,0.0572990639087773
c,0.7836842105263158,0.0716027339518041,0.0716027339518041,0.0716027339518041,0.0590994970529823,0.0590994970529823,0.0590994970529823,0.0590994970529823,0.0590994970529823,0.0590994970529823
c,0.8352631578947368,0.0758125662292086,0.0758125662292086,0.0758125662292086,0.0609362606453083,0.0609362606453083,0.0609362606453083,0.0609362606453083,0.0609362606453083,0.0609362606453083
c,0.8868421052631579,0.0755692891967931,0.0755692891967931,0.0755692891967931,0.0628260132211588,0.0628260132211588,0.0628260132211588,0.0628260132211588,0.0628260132211588,0.0628260132211588
c,0.9384210526315788,0.0807500347999643,0.0807500347999643,0.0807500347999643,0.0647830132336118,0.0647830132336118,0.0647830132336118,0.0351161189463584,0.0351161189463584,0.0351161189463584
c,0.99,0.079530278203395,0.079530278203395,0.079530278203395,0.0668256645894391,0.0668256645894391,0.0668256645894391,0.0393719881206426,0.0393719881206426,0.0393719881206426
B,10.0,0.0589619320800087,0.0589619320800087,0.0589619320800087,0.0491880514810588,0.0491880514810588,0.0491880514810588,0.0491880514810588,0.0491880514810588,0.0491880514810588
B,50.0,0.0514665804710717,0.0514665804710717,0.0514665804710717,0.0491880514810588,0.0491880514810588,0.0491880514810588,0.0491880514810588,0.0491880514810588,0.0491880514810588
B,100.0,0.0545752492969151,0.0545752492969151,0.0545752492969151,0.0491880514810588,0.0491880514810588,0.0491880514810588,0.0491880514810588,0.0491880514810588,0.0491880514810588
B,200.0,0.0523385494759623,0.0523385494759623,0.0523385494759623,0.0491880514810588,0.0491880514810588,0.0491880514810588,0.0491880514810588,0.0491880514810588,0.0491880514810588
B,500.0,0.0524833746618356,0.0524833746618356,0.0524833746618356,0.0491880514810588,0.0491880514810588,0.0491880514810588,0.0491880514810588,0.0491880514810588,0.0491880514810588
sigmaN,0.1,0.0530760490699689,0.0530760490699689,0.0530760490699689,0.0491881723736306,0.0491881723736306,0.0491881723736306,0.0491881723736306,0.0491881723736306,0.0491881723736306
sigmaN,0.2,0.0525755348402569,0.0525755348402569,0.0525755348402569,0.049188172373631,0.049188172373631,0.049188172373631,0.049188172373631,0.049188172373631,0.049188172373631
sigmaN,0.3,0.0522422361223249,0.0522422361223249,0.0522422361223249,0.0491882941793211,0.0491882941793211,0.0491882941793211,0.0491882941793211,0.0491882941793211,0.0491882941793211
sigmaN,0.4,0.0526861737374542,0.0526861737374542,0.0526861737374542,0.0491881127689853,0.0491881127689853,0.0491881127689853,0.0491881127689853,0.0491881127689853,0.0491881127689853
sigmaN,0.5,0.0530904613156524,0.0530904613156524,0.0530904613156524,0.049188111085703,0.049188111085703,0.049188111085703,0.049188111085703,0.049188111085703,0.049188111085703
sigmaN,0.6,0.0523908250170801,0.0523908250170801,0.0523908250170801,0.0491882941793211,0.0491882941793211,0.0491882941793211,0.0491882941793211,0.0491882941793211,0.0491882941793211
sigmaN,0.7,0.0524594128098829,0.0524594128098829,0.0524594128098829,0.0491882292752959,0.0491882292752959,0.0491882292752959,0.0491882292752959,0.0491882292752959,0.0491882292752959
sigmaN,0.7999999999999999,0.0531598163029138,0.0531598163029138,0.0531598163029138,0.0491880531643406,0.0491880531643406,0.0491880531643406,0.0491880531643406,0.0491880531643406,0.0491880531643406
sigmaN,0.8999999999999999,0.0519828951101637,0.0519828951101637,0.0519828951101637,,,,0.0491880651921057,0.0491880651921057,0.0491880651921057
sigmaN,1.0,0.054031904257233,0.054031904257233,0.054031904257233,0.0491880514810588,0.0491880514810588,0.0491880514810588,0.0491880514810588,0.0491880514810588,0.0491880514810588
sigmaN,1.1,0.0540088782497244,0.0540088782497244,0.0540088782497244,,,,0.049188280837675,0.049188280837675,0.049188280837675
sigmaN,1.2,0.0535234703652607,0.0535234703652607,0.0535234703652607,0.0491882941793206,0.0491882941793206,0.0491882941793206,0.0491882941793206,0.0491882941793206,0.0491882941793206
sigmaN,1.3,0.0534528657819378,0.0534528657819378,0.0534528657819378,0.0491881612517641,0.0491881612517641,0.0491881612517641,0.0491881612517641,0.0491881612517641,0.0491881612517641
sigmaN,1.4,0.0536690956229063,0.0536690956229063,0.0536690956229063,0.0491882888799409,0.0491882888799409,0.0491882888799409,0.0491882888799409,0.0491882888799409,0.0491882888799409
sigmaN,1.5,0.0536747391543831,0.0536747391543831,0.0536747391543831,0.0491881776329086,0.0491881776329086,0.0491881776329086,0.0491881776329086,0.0491881776329086,0.0491881776329086
sigmaN,1.6,0.051013731762705,0.051013731762705,0.051013731762705,0.0491879935596966,0.0491879935596966,0.0491879935596966,0.0491879935596966,0.0491879935596966,0.0491879935596966
sigmaN,1.7,0.053950710075731,0.053950710075731,0.053950710075731,0.0491883428795174,0.0491883428795174,0.0491883428795174,0.0491883428795174,0.0491883428795174,0.0491883428795174
sigmaN,1.8,0.0506762961846523,0.0506762961846523,0.0506762961846523,0.0491881844013946,0.0491881844013946,0.0491881844013946,0.0491881844013946,0.0491881844013946,0.0491881844013946
sigmaN,1.9,0.0530098661934026,0.0530098661934026,0.0530098661934026,0.049188168754511,0.049188168754511,0.049188168754511,0.049188168754511,0.049188168754511,0.049188168754511
sigmaN,2.0,0.0535696418932841,0.0535696418932841,0.0535696418932841,0.0491879918764136,0.0491879918764136,0.0491879918764136,0.0491879918764136,0.0491879918764136,0.0491879918764136
